Unix time,BSSID,Signal strength(-dBm),SSID,Longitude,Latitude,GPS Accuracy,AP Capabilities, Channel, Frequency
1551287610000,00:10:7f:4d:3f:51,-71,Crestron_5,-76.94180798,38.98535783,7,[WEP][ESS],,-5765
1551287610000,00:10:7f:4d:3f:58,-77,Crestron,-76.94180798,38.98535783,7,[WEP][ESS],,62437
1551284331000,00:15:70:40:ec:20,-70,Edc9sse1,-76.94405665,38.98833205,112,[WEP][ESS],,62437
1551284331000,00:15:ff:db:93:a5,-55,Verizon-MiFi7730L-93A5,-76.94405665,38.98833205,112,[WPA2-PSK-CCMP][ESS][WPS],,-5745
1551284331000,00:15:ff:de:a0:dc,-57,Verizon-MiFi7730L-93A5,-76.94405665,38.98833205,112,[WPA2-PSK-CCMP][ESS][WPS],,62437
1551286048000,00:1c:10:f6:7e:0b,-72,linksys-n,-76.94435438,38.9874909,5,[WPA2-PSK-CCMP][WPA-PSK-TKIP][ESS],,62437
1551287610000,00:1d:05:4d:23:17,-77,Eaton-001D054D2317,-76.94180798,38.98535783,7,[WPA2-PSK-TKIP][ESS],,62437
1551287610000,00:1d:05:4d:24:83,-74,Eaton-001D054D2483,-76.94180798,38.98535783,7,[WPA2-PSK-TKIP][ESS],,62437
1551287610000,00:1d:05:4d:24:bf,-70,Eaton-001D054D24BF,-76.94180798,38.98535783,7,[WPA2-PSK-TKIP][ESS],,62437
1551287730000,00:23:69:bc:40:e0,-85,linksys,-76.94195736,38.98465814,6,[ESS][WPS],,62437
1551287850000,00:2a:10:3d:f0:64,-86,umd-guest,-76.94054314,38.98513643,10,[ESS],,112462
1551287249000,00:2a:10:5a:82:c4,-82,umd-guest,-76.94445485,38.98517243,4,[ESS],,12412
1551287249000,00:2a:10:5a:82:cb,-86,umd-guest,-76.94445485,38.98517243,4,[ESS],,-5320
1551287249000,00:2a:10:5a:82:cc,-86,umd-util2,-76.94445485,38.98517243,4,[WPA2-PSK-CCMP][WPA-PSK-CCMP][ESS],,-5320
1551287249000,00:2a:10:5a:82:cd,-86,umd-secure,-76.94445485,38.98517243,4,[WPA2-EAP-CCMP][ESS],,-5320
1551287125000,00:2a:10:5a:82:ce,-89,eduroam,-76.94364343,38.98518503,6,[WPA2-EAP-CCMP][ESS],,-5320
1551287249000,00:2a:10:5a:82:cf,-85,umd,-76.94445485,38.98517243,4,[ESS],,-5320
1551286048000,00:2a:10:81:b3:30,-91,umd,-76.94435438,38.9874909,5,[ESS],,112462
1551284331000,00:2c:c8:91:2b:81,-80,eduroam,-76.94405665,38.98833205,112,[WPA2-EAP-CCMP][ESS],,12412
1551284331000,00:2c:c8:91:2b:84,-61,umd-guest,-76.94405665,38.98833205,112,[ESS],,12412
1551284331000,00:2c:c8:91:2b:8b,-72,umd-guest,-76.94405665,38.98833205,112,[ESS],,-5260
1551284331000,00:2c:c8:91:2b:8c,-71,umd-util2,-76.94405665,38.98833205,112,[WPA2-PSK-CCMP][WPA-PSK-CCMP][ESS],,-5260
1551284331000,00:2c:c8:91:2b:8d,-71,umd-secure,-76.94405665,38.98833205,112,[WPA2-EAP-CCMP][ESS],,-5260
1551284331000,00:2c:c8:91:2b:8e,-72,eduroam,-76.94405665,38.98833205,112,[WPA2-EAP-CCMP][ESS],,-5260
1551284331000,00:2c:c8:91:2b:8f,-72,umd,-76.94405665,38.98833205,112,[ESS],,-5260
1551284331000,00:2c:c8:a3:42:a0,-66,umd,-76.94405665,38.98833205,112,[ESS],,62437
1551284331000,00:2c:c8:a3:42:a1,-66,eduroam,-76.94405665,38.98833205,112,[WPA2-EAP-CCMP][ESS],,62437
1551284331000,00:2c:c8:a3:42:a2,-66,umd-secure,-76.94405665,38.98833205,112,[WPA2-EAP-CCMP][ESS],,62437
1551284331000,00:2c:c8:a3:42:a3,-67,umd-util2,-76.94405665,38.98833205,112,[WPA2-PSK-CCMP][WPA-PSK-CCMP][ESS],,62437
1551284331000,00:2c:c8:a3:42:a4,-66,umd-guest,-76.94405665,38.98833205,112,[ESS],,62437
1551284331000,00:2c:c8:a3:42:ab,-80,umd-guest,-76.94405665,38.98833205,112,[ESS],,-5220
1551284331000,00:2c:c8:a3:42:ac,-78,umd-util2,-76.94405665,38.98833205,112,[WPA2-PSK-CCMP][WPA-PSK-CCMP][ESS],,-5220
1551284331000,00:2c:c8:a3:42:ad,-78,umd-secure,-76.94405665,38.98833205,112,[WPA2-EAP-CCMP][ESS],,-5220
1551284331000,00:2c:c8:a3:42:ae,-78,eduroam,-76.94405665,38.98833205,112,[WPA2-EAP-CCMP][ESS],,-5220
1551284331000,00:2c:c8:a3:42:af,-77,umd,-76.94405665,38.98833205,112,[ESS],,-5220
1551286766000,00:2c:c8:d5:e7:20,-78,umd,-76.94422855,38.98688758,4,[ESS],,12412
1551284331000,00:2c:c8:d6:26:03,-80,umd-util2,-76.94405665,38.98833205,112,[WPA2-PSK-CCMP][WPA-PSK-CCMP][ESS],,12412
1551284331000,00:2c:c8:d6:26:0c,-82,umd-util2,-76.94405665,38.98833205,112,[WPA2-PSK-CCMP][WPA-PSK-CCMP][ESS],,-5280
1551284331000,00:2c:c8:d6:26:0d,-84,umd-secure,-76.94405665,38.98833205,112,[WPA2-EAP-CCMP][ESS],,-5280
1551284331000,00:2c:c8:d6:26:0e,-81,eduroam,-76.94405665,38.98833205,112,[WPA2-EAP-CCMP][ESS],,-5280
1551284331000,00:2c:c8:d6:26:0f,-82,umd,-76.94405665,38.98833205,112,[ESS],,-5280
1551284331000,00:2c:c8:d6:29:42,-76,umd-secure,-76.94405665,38.98833205,112,[WPA2-EAP-CCMP][ESS],,62437
1551284331000,00:2c:c8:d6:29:43,-78,umd-util2,-76.94405665,38.98833205,112,[WPA2-PSK-CCMP][WPA-PSK-CCMP][ESS],,62437
1551284331000,00:2c:c8:d6:29:44,-80,umd-guest,-76.94405665,38.98833205,112,[ESS],,62437
1551284331000,00:2c:c8:d6:29:4b,-90,umd-guest,-76.94405665,38.98833205,112,[ESS],,-5260
1551284331000,00:2c:c8:d6:29:4c,-90,umd-util2,-76.94405665,38.98833205,112,[WPA2-PSK-CCMP][WPA-PSK-CCMP][ESS],,-5260
1551284331000,00:2c:c8:d6:29:4e,-89,eduroam,-76.94405665,38.98833205,112,[WPA2-EAP-CCMP][ESS],,-5260
1551284331000,00:2c:c8:d6:29:4f,-90,umd,-76.94405665,38.98833205,112,[ESS],,-5260
1551284331000,00:2c:c8:d6:29:cb,-90,umd-guest,-76.94405665,38.98833205,112,[ESS],,-5180
1551284331000,00:2c:c8:d6:29:cd,-90,umd-secure,-76.94405665,38.98833205,112,[WPA2-EAP-CCMP][ESS],,-5180
1551284331000,00:2c:c8:d6:2f:8d,-88,umd-secure,-76.94405665,38.98833205,112,[WPA2-EAP-CCMP][ESS],,-5180
1551284331000,00:2c:c8:d6:2f:8e,-79,eduroam,-76.94405665,38.98833205,112,[WPA2-EAP-CCMP][ESS],,-5180
1551284331000,00:2c:c8:d6:2f:8f,-82,umd,-76.94405665,38.98833205,112,[ESS],,-5180
1551284331000,00:2c:c8:d6:31:ab,-86,umd-guest,-76.94405665,38.98833205,112,[ESS],,-5280
1551284331000,00:2c:c8:d6:31:ac,-86,umd-util2,-76.94405665,38.98833205,112,[WPA2-PSK-CCMP][WPA-PSK-CCMP][ESS],,-5280
1551284331000,00:2c:c8:d6:31:ad,-86,umd-secure,-76.94405665,38.98833205,112,[WPA2-EAP-CCMP][ESS],,-5280
1551284331000,00:2c:c8:d6:31:ae,-85,eduroam,-76.94405665,38.98833205,112,[WPA2-EAP-CCMP][ESS],,-5280
1551284331000,00:2c:c8:d6:31:af,-85,umd,-76.94405665,38.98833205,112,[ESS],,-5280
1551286048000,00:2c:c8:d6:33:00,-84,umd,-76.94435438,38.9874909,5,[ESS],,112462
1551286048000,00:2c:c8:d6:33:01,-84,eduroam,-76.94435438,38.9874909,5,[WPA2-EAP-CCMP][ESS],,112462
1551286048000,00:2c:c8:d6:33:02,-83,umd-secure,-76.94435438,38.9874909,5,[WPA2-EAP-CCMP][ESS],,112462
1551283765000,00:2c:c8:d6:35:84,-83,umd-guest,-76.936698,38.99104648,10,[ESS],,12412
1551284331000,00:2c:c8:d6:3f:8b,-73,umd-guest,-76.94405665,38.98833205,112,[ESS],,-5320
1551284331000,00:2c:c8:d6:3f:8c,-73,umd-util2,-76.94405665,38.98833205,112,[WPA2-PSK-CCMP][WPA-PSK-CCMP][ESS],,-5320
1551284331000,00:2c:c8:d6:3f:8d,-73,umd-secure,-76.94405665,38.98833205,112,[WPA2-EAP-CCMP][ESS],,-5320
1551284331000,00:2c:c8:d6:3f:8e,-73,eduroam,-76.94405665,38.98833205,112,[WPA2-EAP-CCMP][ESS],,-5320
1551284331000,00:2c:c8:d6:3f:8f,-73,umd,-76.94405665,38.98833205,112,[ESS],,-5320
1551284331000,00:2c:c8:d6:40:6b,-79,umd-guest,-76.94405665,38.98833205,112,[ESS],,-5745
1551284331000,00:2c:c8:d6:40:6d,-72,umd-secure,-76.94405665,38.98833205,112,[WPA2-EAP-CCMP][ESS],,-5745
1551284331000,00:2c:c8:f8:59:eb,-87,umd-guest,-76.94405665,38.98833205,112,[ESS],,-5320
1551284331000,00:2c:c8:f8:59:ec,-87,umd-util2,-76.94405665,38.98833205,112,[WPA2-PSK-CCMP][WPA-PSK-CCMP][ESS],,-5320
1551284331000,00:2c:c8:f8:59:ed,-87,umd-secure,-76.94405665,38.98833205,112,[WPA2-EAP-CCMP][ESS],,-5320
1551284331000,00:2c:c8:f8:59:ee,-87,eduroam,-76.94405665,38.98833205,112,[WPA2-EAP-CCMP][ESS],,-5320
1551284331000,00:2c:c8:f8:59:ef,-85,umd,-76.94405665,38.98833205,112,[ESS],,-5320
1551288160000,00:6b:f1:07:7a:6b,-75,umd-guest,-76.94148391,38.98768664,8,[ESS],,-5745
1551288160000,00:6b:f1:07:7a:6c,-75,umd-util2,-76.94148391,38.98768664,8,[WPA2-PSK-CCMP][WPA-PSK-CCMP][ESS],,-5745
1551288160000,00:6b:f1:07:7a:6d,-75,umd-secure,-76.94148391,38.98768664,8,[WPA2-EAP-CCMP][ESS],,-5745
1551288160000,00:6b:f1:07:7a:6e,-75,eduroam,-76.94148391,38.98768664,8,[WPA2-EAP-CCMP][ESS],,-5745
1551288160000,00:6b:f1:07:7a:6f,-74,umd,-76.94148391,38.98768664,8,[ESS],,-5745
1551287249000,00:81:c4:13:f3:f2,-75,umd-secure,-76.94445485,38.98517243,4,[WPA2-EAP-CCMP][ESS],,62437
1551287249000,00:81:c4:13:f3:f4,-75,umd-guest,-76.94445485,38.98517243,4,[ESS],,62437
1551284331000,00:81:c4:14:23:73,-81,umd-util2,-76.94405665,38.98833205,112,[WPA2-PSK-CCMP][WPA-PSK-CCMP][ESS],,12412
1551284331000,00:81:c4:14:23:74,-81,umd-guest,-76.94405665,38.98833205,112,[ESS],,12412
1551287249000,00:81:c4:14:3b:0b,-81,umd-guest,-76.94445485,38.98517243,4,[ESS],,-5785
1551287249000,00:81:c4:14:3b:0c,-81,umd-util2,-76.94445485,38.98517243,4,[WPA2-PSK-CCMP][WPA-PSK-CCMP][ESS],,-5785
1551287249000,00:81:c4:14:3b:0d,-81,umd-secure,-76.94445485,38.98517243,4,[WPA2-EAP-CCMP][ESS],,-5785
1551287249000,00:81:c4:14:3b:0e,-81,eduroam,-76.94445485,38.98517243,4,[WPA2-EAP-CCMP][ESS],,-5785
1551287249000,00:81:c4:14:3b:0f,-82,umd,-76.94445485,38.98517243,4,[ESS],,-5785
1551287249000,00:81:c4:1e:41:14,-83,umd-guest,-76.94445485,38.98517243,4,[ESS],,12412
1551286766000,00:81:c4:1e:48:c0,-73,umd,-76.94422855,38.98688758,4,[ESS],,62437
1551286766000,00:81:c4:1e:48:c2,-74,umd-secure,-76.94422855,38.98688758,4,[WPA2-EAP-CCMP][ESS],,62437
1551286766000,00:81:c4:1e:48:c3,-75,umd-util2,-76.94422855,38.98688758,4,[WPA2-PSK-CCMP][WPA-PSK-CCMP][ESS],,62437
1551286766000,00:81:c4:1e:48:c4,-75,umd-guest,-76.94422855,38.98688758,4,[ESS],,62437
1551286766000,00:81:c4:1e:4a:f4,-88,umd-guest,-76.94422855,38.98688758,4,[ESS],,112462
1551284331000,00:81:c4:1e:5a:40,-53,umd,-76.94405665,38.98833205,112,[ESS],,12412
1551284331000,00:81:c4:1e:5a:41,-53,eduroam,-76.94405665,38.98833205,112,[WPA2-EAP-CCMP][ESS],,12412
1551284331000,00:81:c4:1e:5a:42,-53,umd-secure,-76.94405665,38.98833205,112,[WPA2-EAP-CCMP][ESS],,12412
1551284331000,00:81:c4:1e:5a:4b,-70,umd-guest,-76.94405665,38.98833205,112,[ESS],,-5260
1551284331000,00:81:c4:1e:5a:4c,-70,umd-util2,-76.94405665,38.98833205,112,[WPA2-PSK-CCMP][WPA-PSK-CCMP][ESS],,-5260
1551284331000,00:81:c4:1e:5a:4d,-70,umd-secure,-76.94405665,38.98833205,112,[WPA2-EAP-CCMP][ESS],,-5260
1551284331000,00:81:c4:1e:5a:4e,-70,eduroam,-76.94405665,38.98833205,112,[WPA2-EAP-CCMP][ESS],,-5260
1551284331000,00:81:c4:1e:5a:4f,-70,umd,-76.94405665,38.98833205,112,[ESS],,-5260
1551284331000,00:81:c4:1e:5c:7b,-88,umd-guest,-76.94405665,38.98833205,112,[ESS],,-5240
1551284331000,00:81:c4:1e:5c:7c,-90,umd-util2,-76.94405665,38.98833205,112,[WPA2-PSK-CCMP][WPA-PSK-CCMP][ESS],,-5240
1551284331000,00:81:c4:1e:5c:7d,-89,umd-secure,-76.94405665,38.98833205,112,[WPA2-EAP-CCMP][ESS],,-5240
1551284331000,00:81:c4:1e:5c:7e,-88,eduroam,-76.94405665,38.98833205,112,[WPA2-EAP-CCMP][ESS],,-5240
1551284331000,00:81:c4:1e:5c:7f,-89,umd,-76.94405665,38.98833205,112,[ESS],,-5240
1551284007000,00:a3:8e:ad:57:a2,-86,umd-secure,-76.94017023,38.99013024,5,[WPA2-EAP-CCMP][ESS],,12412
1551284007000,00:a3:8e:ad:57:a3,-87,umd-util2,-76.94017023,38.99013024,5,[WPA2-PSK-CCMP][WPA-PSK-CCMP][ESS],,12412
1551284007000,00:a3:8e:ad:57:a4,-85,umd-guest,-76.94017023,38.99013024,5,[ESS],,12412
1551287249000,00:f6:63:6f:e3:4d,-92,umd-secure,-76.94445485,38.98517243,4,[WPA2-EAP-CCMP][ESS],,-5200
1551286529000,00:f6:63:6f:e3:6b,-82,umd-guest,-76.94302153,38.98548491,3,[ESS],,-5260
1551286529000,00:f6:63:6f:e3:6c,-83,umd-util2,-76.94302153,38.98548491,3,[WPA2-PSK-CCMP][WPA-PSK-CCMP][ESS],,-5260
1551286529000,00:f6:63:6f:e3:6d,-82,umd-secure,-76.94302153,38.98548491,3,[WPA2-EAP-CCMP][ESS],,-5260
1551286529000,00:f6:63:6f:e3:6e,-82,eduroam,-76.94302153,38.98548491,3,[WPA2-EAP-CCMP][ESS],,-5260
1551286529000,00:f6:63:6f:e3:6f,-82,umd,-76.94302153,38.98548491,3,[ESS],,-5260
1551287249000,00:f6:63:6f:e3:ab,-88,umd-guest,-76.94445485,38.98517243,4,[ESS],,-5320
1551287249000,00:f6:63:6f:e3:ac,-87,umd-util2,-76.94445485,38.98517243,4,[WPA2-PSK-CCMP][WPA-PSK-CCMP][ESS],,-5320
1551287249000,00:f6:63:6f:e3:ad,-87,umd-secure,-76.94445485,38.98517243,4,[WPA2-EAP-CCMP][ESS],,-5320
1551287249000,00:f6:63:6f:e3:ae,-88,eduroam,-76.94445485,38.98517243,4,[WPA2-EAP-CCMP][ESS],,-5320
1551287249000,00:f6:63:6f:e3:af,-87,umd,-76.94445485,38.98517243,4,[ESS],,-5320
1551284331000,00:f6:63:6f:ea:90,-78,umd,-76.94405665,38.98833205,112,[ESS],,112462
1551284331000,00:f6:63:6f:ea:9b,-66,umd-guest,-76.94405665,38.98833205,112,[ESS],,-5745
1551284331000,00:f6:63:6f:ea:9c,-66,umd-util2,-76.94405665,38.98833205,112,[WPA2-PSK-CCMP][WPA-PSK-CCMP][ESS],,-5745
1551284331000,00:f6:63:6f:ea:9d,-66,umd-secure,-76.94405665,38.98833205,112,[WPA2-EAP-CCMP][ESS],,-5745
1551284331000,00:f6:63:6f:ea:9e,-66,eduroam,-76.94405665,38.98833205,112,[WPA2-EAP-CCMP][ESS],,-5745
1551284331000,00:f6:63:6f:ea:9f,-66,umd,-76.94405665,38.98833205,112,[ESS],,-5745
1551284331000,00:f6:63:6f:f9:a0,-89,umd,-76.94405665,38.98833205,112,[ESS],,112462
1551283765000,00:f6:63:70:95:eb,-82,umd-guest,-76.936698,38.99104648,10,[ESS],,-5260
1551283765000,00:f6:63:70:95:ec,-82,umd-util2,-76.936698,38.99104648,10,[WPA2-PSK-CCMP][WPA-PSK-CCMP][ESS],,-5260
1551283765000,00:f6:63:70:95:ed,-82,umd-secure,-76.936698,38.99104648,10,[WPA2-EAP-CCMP][ESS],,-5260
1551283765000,00:f6:63:70:95:ee,-82,eduroam,-76.936698,38.99104648,10,[WPA2-EAP-CCMP][ESS],,-5260
1551283765000,00:f6:63:70:95:ef,-82,umd,-76.936698,38.99104648,10,[ESS],,-5260
1551283954000,00:f6:63:72:80:b0,-82,umd,-76.93922521,38.99019838,4,[ESS],,12412
1551283954000,00:f6:63:72:80:b1,-83,eduroam,-76.93922521,38.99019838,4,[WPA2-EAP-CCMP][ESS],,12412
1551283954000,00:f6:63:72:80:b2,-81,umd-secure,-76.93922521,38.99019838,4,[WPA2-EAP-CCMP][ESS],,12412
1551283954000,00:f6:63:72:80:b3,-83,umd-util2,-76.93922521,38.99019838,4,[WPA2-PSK-CCMP][WPA-PSK-CCMP][ESS],,12412
1551284331000,00:f6:63:72:b9:b0,-88,umd,-76.94405665,38.98833205,112,[ESS],,112462
1551284331000,00:f6:63:72:b9:b2,-88,umd-secure,-76.94405665,38.98833205,112,[WPA2-EAP-CCMP][ESS],,112462
1551284331000,00:f6:63:72:b9:bf,-84,umd,-76.94405665,38.98833205,112,[ESS],,-5745
1551286048000,00:f6:63:72:b9:eb,-89,umd-guest,-76.94435438,38.9874909,5,[ESS],,-5300
1551286048000,00:f6:63:72:b9:ec,-89,umd-util2,-76.94435438,38.9874909,5,[WPA2-PSK-CCMP][WPA-PSK-CCMP][ESS],,-5300
1551286048000,00:f6:63:72:b9:ed,-89,umd-secure,-76.94435438,38.9874909,5,[WPA2-EAP-CCMP][ESS],,-5300
1551286048000,00:f6:63:72:b9:ee,-88,eduroam,-76.94435438,38.9874909,5,[WPA2-EAP-CCMP][ESS],,-5300
1551286048000,00:f6:63:72:b9:ef,-89,umd,-76.94435438,38.9874909,5,[ESS],,-5300
1551284331000,00:f6:63:72:bb:bb,-85,umd-guest,-76.94405665,38.98833205,112,[ESS],,-5220
1551284331000,00:f6:63:72:bb:bc,-86,umd-util2,-76.94405665,38.98833205,112,[WPA2-PSK-CCMP][WPA-PSK-CCMP][ESS],,-5220
1551284331000,00:f6:63:72:bb:bd,-87,umd-secure,-76.94405665,38.98833205,112,[WPA2-EAP-CCMP][ESS],,-5220
1551284331000,00:f6:63:72:bb:be,-86,eduroam,-76.94405665,38.98833205,112,[WPA2-EAP-CCMP][ESS],,-5220
1551284331000,00:f6:63:72:bb:bf,-84,umd,-76.94405665,38.98833205,112,[ESS],,-5220
1551287249000,00:f6:63:72:bb:c0,-82,umd,-76.94445485,38.98517243,4,[ESS],,12412
1551287249000,00:f6:63:72:bb:c1,-80,eduroam,-76.94445485,38.98517243,4,[WPA2-EAP-CCMP][ESS],,12412
1551287249000,00:f6:63:72:bb:c2,-81,umd-secure,-76.94445485,38.98517243,4,[WPA2-EAP-CCMP][ESS],,12412
1551287249000,00:f6:63:72:bb:c3,-78,umd-util2,-76.94445485,38.98517243,4,[WPA2-PSK-CCMP][WPA-PSK-CCMP][ESS],,12412
1551287249000,00:f6:63:72:bb:c4,-82,umd-guest,-76.94445485,38.98517243,4,[ESS],,12412
1551287249000,00:f6:63:72:bb:ce,-87,eduroam,-76.94445485,38.98517243,4,[WPA2-EAP-CCMP][ESS],,-5180
1551287249000,00:f6:63:72:bb:cf,-89,umd,-76.94445485,38.98517243,4,[ESS],,-5180
1551287370000,00:f6:63:8d:0c:01,-84,eduroam,-76.94267651,38.98513356,5,[WPA2-EAP-CCMP][ESS],,62437
1551287370000,00:f6:63:8d:0c:02,-84,umd-secure,-76.94267651,38.98513356,5,[WPA2-EAP-CCMP][ESS],,62437
1551287370000,00:f6:63:8d:0c:03,-85,umd-util2,-76.94267651,38.98513356,5,[WPA2-PSK-CCMP][WPA-PSK-CCMP][ESS],,62437
1551287370000,00:f6:63:a3:3b:8b,-82,umd-guest,-76.94267651,38.98513356,5,[ESS],,-5765
1551287370000,00:f6:63:a3:3b:8e,-82,eduroam,-76.94267651,38.98513356,5,[WPA2-EAP-CCMP][ESS],,-5765
1551284331000,00:f6:63:a3:3c:0b,-85,umd-guest,-76.94405665,38.98833205,112,[ESS],,-5320
1551284331000,00:f6:63:a3:3c:0c,-85,umd-util2,-76.94405665,38.98833205,112,[WPA2-PSK-CCMP][WPA-PSK-CCMP][ESS],,-5320
1551284331000,00:f6:63:a3:3c:0d,-85,umd-secure,-76.94405665,38.98833205,112,[WPA2-EAP-CCMP][ESS],,-5320
1551284331000,00:f6:63:a3:3c:0e,-84,eduroam,-76.94405665,38.98833205,112,[WPA2-EAP-CCMP][ESS],,-5320
1551284331000,00:f6:63:a3:3c:0f,-84,umd,-76.94405665,38.98833205,112,[ESS],,-5320
1551286048000,00:f6:63:a3:3d:90,-86,umd,-76.94435438,38.9874909,5,[ESS],,62437
1551283954000,00:f6:63:b1:f0:01,-89,eduroam,-76.93922521,38.99019838,4,[WPA2-EAP-CCMP][ESS],,62437
1551284331000,00:f6:63:b2:26:f4,-80,umd-guest,-76.94405665,38.98833205,112,[ESS],,12412
1551284331000,00:f6:63:b2:26:fb,-88,umd-guest,-76.94405665,38.98833205,112,[ESS],,-5260
1551284331000,00:f6:63:b2:26:fc,-88,umd-util2,-76.94405665,38.98833205,112,[WPA2-PSK-CCMP][WPA-PSK-CCMP][ESS],,-5260
1551284331000,00:f6:63:b2:26:fd,-88,umd-secure,-76.94405665,38.98833205,112,[WPA2-EAP-CCMP][ESS],,-5260
1551284331000,00:f6:63:b2:26:fe,-87,eduroam,-76.94405665,38.98833205,112,[WPA2-EAP-CCMP][ESS],,-5260
1551284331000,00:f6:63:b2:2a:e2,-75,umd-secure,-76.94405665,38.98833205,112,[WPA2-EAP-CCMP][ESS],,112462
1551284331000,00:f6:63:b2:32:3b,-70,umd-guest,-76.94405665,38.98833205,112,[ESS],,-5260
1551284331000,00:f6:63:b2:32:3c,-70,umd-util2,-76.94405665,38.98833205,112,[WPA2-PSK-CCMP][WPA-PSK-CCMP][ESS],,-5260
1551284331000,00:f6:63:b2:32:3d,-67,umd-secure,-76.94405665,38.98833205,112,[WPA2-EAP-CCMP][ESS],,-5260
1551284331000,00:f6:63:b2:32:3e,-71,eduroam,-76.94405665,38.98833205,112,[WPA2-EAP-CCMP][ESS],,-5260
1551284331000,00:f6:63:b2:32:3f,-70,umd,-76.94405665,38.98833205,112,[ESS],,-5260
1551283765000,00:f6:63:b2:34:bb,-71,umd-guest,-76.936698,38.99104648,10,[ESS],,-5260
1551283765000,00:f6:63:b2:34:bc,-72,umd-util2,-76.936698,38.99104648,10,[WPA2-PSK-CCMP][WPA-PSK-CCMP][ESS],,-5260
1551283765000,00:f6:63:b2:34:bd,-72,umd-secure,-76.936698,38.99104648,10,[WPA2-EAP-CCMP][ESS],,-5260
1551283765000,00:f6:63:b2:34:be,-72,eduroam,-76.936698,38.99104648,10,[WPA2-EAP-CCMP][ESS],,-5260
1551283765000,00:f6:63:b2:34:bf,-72,umd,-76.936698,38.99104648,10,[ESS],,-5260
1551284331000,00:f6:63:d9:b7:b2,-90,umd-secure,-76.94405665,38.98833205,112,[WPA2-EAP-CCMP][ESS],,112462
1551284331000,00:f6:63:d9:d8:52,-83,umd-secure,-76.94405665,38.98833205,112,[WPA2-EAP-CCMP][ESS],,12412
1551284331000,00:f6:63:d9:d8:5b,-86,umd-guest,-76.94405665,38.98833205,112,[ESS],,-5280
1551284331000,00:f6:63:d9:d8:5c,-87,umd-util2,-76.94405665,38.98833205,112,[WPA2-PSK-CCMP][WPA-PSK-CCMP][ESS],,-5280
1551284331000,00:f6:63:d9:d8:5d,-87,umd-secure,-76.94405665,38.98833205,112,[WPA2-EAP-CCMP][ESS],,-5280
1551284331000,00:f6:63:d9:d8:5e,-88,eduroam,-76.94405665,38.98833205,112,[WPA2-EAP-CCMP][ESS],,-5280
1551284331000,00:f6:63:d9:d8:5f,-88,umd,-76.94405665,38.98833205,112,[ESS],,-5280
1551283765000,00:f6:63:d9:e3:f2,-86,umd-secure,-76.936698,38.99104648,10,[WPA2-EAP-CCMP][ESS],,12412
1551283765000,00:f6:63:d9:e3:f3,-87,umd-util2,-76.936698,38.99104648,10,[WPA2-PSK-CCMP][WPA-PSK-CCMP][ESS],,12412
1551283954000,00:f6:63:ec:6c:a4,-88,umd-guest,-76.93922521,38.99019838,4,[ESS],,112462
1551283954000,00:f6:63:ec:6f:82,-87,umd-secure,-76.93922521,38.99019838,4,[WPA2-EAP-CCMP][ESS],,112462
1551283954000,00:f6:63:ec:6f:84,-88,umd-guest,-76.93922521,38.99019838,4,[ESS],,112462
1551286048000,00:f6:63:ec:83:24,-88,umd-guest,-76.94435438,38.9874909,5,[ESS],,12412
1551286048000,00:f6:63:ec:83:2b,-89,umd-guest,-76.94435438,38.9874909,5,[ESS],,-5260
1551286048000,00:f6:63:ec:83:2d,-89,umd-secure,-76.94435438,38.9874909,5,[WPA2-EAP-CCMP][ESS],,-5260
1551286048000,00:f6:63:ec:83:2e,-88,eduroam,-76.94435438,38.9874909,5,[WPA2-EAP-CCMP][ESS],,-5260
1551286048000,00:f6:63:ec:83:2f,-89,umd,-76.94435438,38.9874909,5,[ESS],,-5260
1551283765000,00:f6:63:ec:84:f0,-83,umd,-76.936698,38.99104648,10,[ESS],,62437
1551283765000,00:f6:63:ec:84:f3,-84,umd-util2,-76.936698,38.99104648,10,[WPA2-PSK-CCMP][WPA-PSK-CCMP][ESS],,62437
1551284331000,00:f6:63:ec:90:8b,-80,umd-guest,-76.94405665,38.98833205,112,[ESS],,-5320
1551284331000,00:f6:63:ec:90:8c,-80,umd-util2,-76.94405665,38.98833205,112,[WPA2-PSK-CCMP][WPA-PSK-CCMP][ESS],,-5320
1551284331000,00:f6:63:ec:90:8d,-80,umd-secure,-76.94405665,38.98833205,112,[WPA2-EAP-CCMP][ESS],,-5320
1551284331000,00:f6:63:ec:90:8e,-80,eduroam,-76.94405665,38.98833205,112,[WPA2-EAP-CCMP][ESS],,-5320
1551284331000,00:f6:63:ec:90:8f,-81,umd,-76.94405665,38.98833205,112,[ESS],,-5320
1551287370000,02:27:77:31:87:2b,-82,HPEF1210,-76.94267651,38.98513356,5,,,102457
1551287970000,02:28:f8:c7:7a:81,-87,DIRECT-HIRFMO-7480msJD,-76.94128142,38.98655448,5,[WPA2-PSK-CCMP][ESS][WPS],,-5200
1551287249000,02:2f:1f:28:69:23,-76,HP4F5540,-76.94445485,38.98517243,4,,,102457
1551287249000,02:2f:cf:a1:54:9f,-74,HP4F553D,-76.94445485,38.98517243,4,,,102457
1551287730000,04:da:d2:1f:c7:82,-79,umd-secure,-76.94195736,38.98465814,6,[WPA2-EAP-CCMP][ESS],,112462
1551287490000,04:da:d2:1f:c7:8c,-81,umd-util2,-76.9429873,38.98439725,7,[WPA2-PSK-CCMP][WPA-PSK-CCMP][ESS],,-5805
1551287490000,04:da:d2:1f:c7:8f,-79,umd,-76.9429873,38.98439725,7,[ESS],,-5805
1551288330000,04:da:d2:1f:c8:00,-50,umd,-76.93976145,38.98728484,8,[ESS],,62437
1551288299000,04:da:d2:1f:c8:01,-60,eduroam,-76.94005444,38.98695561,4,[WPA2-EAP-CCMP][ESS],,62437
1551288330000,04:da:d2:1f:c8:02,-51,umd-secure,-76.93976145,38.98728484,8,[WPA2-EAP-CCMP][ESS],,62437
1551288299000,04:da:d2:1f:c8:03,-61,umd-util2,-76.94005444,38.98695561,4,[WPA2-PSK-CCMP][WPA-PSK-CCMP][ESS],,62437
1551288330000,04:da:d2:1f:c8:04,-51,umd-guest,-76.93976145,38.98728484,8,[ESS],,62437
1551288330000,04:da:d2:1f:c8:0b,-61,umd-guest,-76.93976145,38.98728484,8,[ESS],,-5805
1551288330000,04:da:d2:1f:c8:0c,-58,umd-util2,-76.93976145,38.98728484,8,[WPA2-PSK-CCMP][WPA-PSK-CCMP][ESS],,-5805
1551288319000,04:da:d2:1f:c8:0d,-50,umd-secure,-76.9398724,38.98718191,5,[WPA2-EAP-CCMP][ESS],,-5805
1551288330000,04:da:d2:1f:c8:0e,-60,eduroam,-76.93976145,38.98728484,8,[WPA2-EAP-CCMP][ESS],,-5805
1551288330000,04:da:d2:1f:c8:0f,-59,umd,-76.93976145,38.98728484,8,[ESS],,-5805
1551287014000,08:02:8e:e9:90:44,-77,,-76.94461759,38.98642967,5,[WPA2-PSK-CCMP][ESS],,82447
1551284007000,0c:9d:92:4f:66:78,-83,GlycoT,-76.94017023,38.99013024,5,[WPA2-PSK-CCMP][ESS][WPS],,42427
1551284331000,0e:8d:8d:12:d7:01,-88,,-76.94405665,38.98833205,112,[WPA2-PSK-CCMP][ESS],,-5180
1551284331000,0e:8d:8d:12:d7:02,-89,SW-Staff,-76.94405665,38.98833205,112,[WPA2-PSK-CCMP][ESS],,-5180
1551284331000,0e:8d:8d:12:d7:03,-88,Saladworks Guest,-76.94405665,38.98833205,112,[WPA2-PSK-CCMP][ESS],,-5180
1551288090000,10:bd:18:5e:2f:7c,-82,umd-util2,-76.9424176,38.98728558,5,[WPA2-PSK-CCMP][WPA-PSK-CCMP][ESS],,-5785
1551288330000,10:bd:18:5f:f1:40,-81,umd,-76.93976145,38.98728484,8,[ESS],,12412
1551288330000,10:bd:18:5f:f1:41,-80,eduroam,-76.93976145,38.98728484,8,[WPA2-EAP-CCMP][ESS],,12412
1551288330000,10:bd:18:5f:f1:42,-80,umd-secure,-76.93976145,38.98728484,8,[WPA2-EAP-CCMP][ESS],,12412
1551288299000,10:bd:18:5f:f1:43,-80,umd-util2,-76.94005444,38.98695561,4,[WPA2-PSK-CCMP][WPA-PSK-CCMP][ESS],,12412
1551288299000,10:bd:18:5f:f1:44,-81,umd-guest,-76.94005444,38.98695561,4,[ESS],,12412
1551288299000,10:bd:18:5f:f1:4b,-81,umd-guest,-76.94005444,38.98695561,4,[ESS],,-5765
1551288330000,10:bd:18:5f:f1:4c,-72,umd-util2,-76.93976145,38.98728484,8,[WPA2-PSK-CCMP][WPA-PSK-CCMP][ESS],,-5765
1551288299000,10:bd:18:5f:f1:4e,-75,eduroam,-76.94005444,38.98695561,4,[WPA2-EAP-CCMP][ESS],,-5765
1551288299000,10:bd:18:5f:f1:4f,-80,umd,-76.94005444,38.98695561,4,[ESS],,-5765
1551286529000,10:bd:18:5f:f2:90,-58,umd,-76.94302153,38.98548491,3,[ESS],,112462
1551286529000,10:bd:18:5f:f2:91,-58,eduroam,-76.94302153,38.98548491,3,[WPA2-EAP-CCMP][ESS],,112462
1551286529000,10:bd:18:5f:f2:92,-58,umd-secure,-76.94302153,38.98548491,3,[WPA2-EAP-CCMP][ESS],,112462
1551286529000,10:bd:18:5f:f2:93,-58,umd-util2,-76.94302153,38.98548491,3,[WPA2-PSK-CCMP][WPA-PSK-CCMP][ESS],,112462
1551286529000,10:bd:18:5f:f2:94,-57,umd-guest,-76.94302153,38.98548491,3,[ESS],,112462
1551286409000,10:bd:18:5f:f2:9b,-52,umd-guest,-76.94258594,38.98589893,4,[ESS],,-5765
1551286409000,10:bd:18:5f:f2:9c,-51,umd-util2,-76.94258594,38.98589893,4,[WPA2-PSK-CCMP][WPA-PSK-CCMP][ESS],,-5765
1551286529000,10:bd:18:5f:f2:9d,-57,umd-secure,-76.94302153,38.98548491,3,[WPA2-EAP-CCMP][ESS],,-5765
1551286409000,10:bd:18:5f:f2:9e,-51,eduroam,-76.94258594,38.98589893,4,[WPA2-EAP-CCMP][ESS],,-5765
1551286409000,10:bd:18:5f:f2:9f,-51,umd,-76.94258594,38.98589893,4,[ESS],,-5765
1551287970000,10:bd:18:c6:bd:b0,-74,umd,-76.94128142,38.98655448,5,[ESS],,62437
1551286646000,10:bd:18:c6:bd:b1,-71,eduroam,-76.94353668,38.98559795,6,[WPA2-EAP-CCMP][ESS],,62437
1551287970000,10:bd:18:c6:bd:b2,-74,umd-secure,-76.94128142,38.98655448,5,[WPA2-EAP-CCMP][ESS],,62437
1551287850000,10:bd:18:c6:bd:b3,-71,umd-util2,-76.94054314,38.98513643,10,[WPA2-PSK-CCMP][WPA-PSK-CCMP][ESS],,62437
1551287850000,10:bd:18:c6:bd:b4,-71,umd-guest,-76.94054314,38.98513643,10,[ESS],,62437
1551287249000,10:bd:18:c6:bd:bb,-80,umd-guest,-76.94445485,38.98517243,4,[ESS],,-5765
1551287850000,10:bd:18:c6:bd:bc,-72,umd-util2,-76.94054314,38.98513643,10,[WPA2-PSK-CCMP][WPA-PSK-CCMP][ESS],,-5765
1551287249000,10:bd:18:c6:bd:bd,-81,umd-secure,-76.94445485,38.98517243,4,[WPA2-EAP-CCMP][ESS],,-5765
1551287850000,10:bd:18:c6:bd:be,-76,eduroam,-76.94054314,38.98513643,10,[WPA2-EAP-CCMP][ESS],,-5765
1551287249000,10:bd:18:c6:bd:bf,-81,umd,-76.94445485,38.98517243,4,[ESS],,-5765
1551287850000,10:bd:18:c6:c3:1c,-83,umd-util2,-76.94054314,38.98513643,10,[WPA2-PSK-CCMP][WPA-PSK-CCMP][ESS],,-5680
1551287850000,10:bd:18:c6:c3:1e,-84,eduroam,-76.94054314,38.98513643,10,[WPA2-EAP-CCMP][ESS],,-5680
1551287850000,10:bd:18:c6:c3:1f,-83,umd,-76.94054314,38.98513643,10,[ESS],,-5680
1551288451000,10:bd:18:c6:cb:b0,-71,umd,-76.93807458,38.98836982,6,[ESS],,12412
1551288451000,10:bd:18:c6:cb:b1,-71,eduroam,-76.93807458,38.98836982,6,[WPA2-EAP-CCMP][ESS],,12412
1551288451000,10:bd:18:c6:cb:b2,-69,umd-secure,-76.93807458,38.98836982,6,[WPA2-EAP-CCMP][ESS],,12412
1551288451000,10:bd:18:c6:cb:b3,-69,umd-util2,-76.93807458,38.98836982,6,[WPA2-PSK-CCMP][WPA-PSK-CCMP][ESS],,12412
1551288451000,10:bd:18:c6:cb:b4,-70,umd-guest,-76.93807458,38.98836982,6,[ESS],,12412
1551288451000,10:bd:18:c6:cb:bc,-80,umd-util2,-76.93807458,38.98836982,6,[WPA2-PSK-CCMP][WPA-PSK-CCMP][ESS],,-5805
1551287610000,10:bd:18:c6:cd:20,-60,umd,-76.94180798,38.98535783,7,[ESS],,12412
1551287610000,10:bd:18:c6:cd:21,-59,eduroam,-76.94180798,38.98535783,7,[WPA2-EAP-CCMP][ESS],,12412
1551287610000,10:bd:18:c6:cd:22,-60,umd-secure,-76.94180798,38.98535783,7,[WPA2-EAP-CCMP][ESS],,12412
1551287610000,10:bd:18:c6:cd:23,-60,umd-util2,-76.94180798,38.98535783,7,[WPA2-PSK-CCMP][WPA-PSK-CCMP][ESS],,12412
1551287610000,10:bd:18:c6:cd:24,-63,umd-guest,-76.94180798,38.98535783,7,[ESS],,12412
1551287610000,10:bd:18:c6:cd:2b,-54,umd-guest,-76.94180798,38.98535783,7,[ESS],,-5745
1551287610000,10:bd:18:c6:cd:2c,-56,umd-util2,-76.94180798,38.98535783,7,[WPA2-PSK-CCMP][WPA-PSK-CCMP][ESS],,-5745
1551287610000,10:bd:18:c6:cd:2d,-54,umd-secure,-76.94180798,38.98535783,7,[WPA2-EAP-CCMP][ESS],,-5745
1551287610000,10:bd:18:c6:cd:2e,-56,eduroam,-76.94180798,38.98535783,7,[WPA2-EAP-CCMP][ESS],,-5745
1551287610000,10:bd:18:c6:cd:2f,-52,umd,-76.94180798,38.98535783,7,[ESS],,-5745
1551288090000,10:bd:18:c6:d1:90,-61,umd,-76.9424176,38.98728558,5,[ESS],,62437
1551288090000,10:bd:18:c6:d1:91,-61,eduroam,-76.9424176,38.98728558,5,[WPA2-EAP-CCMP][ESS],,62437
1551288125000,10:bd:18:c6:d1:92,-54,umd-secure,-76.94202962,38.98768289,6,[WPA2-EAP-CCMP][ESS],,62437
1551288090000,10:bd:18:c6:d1:93,-61,umd-util2,-76.9424176,38.98728558,5,[WPA2-PSK-CCMP][WPA-PSK-CCMP][ESS],,62437
1551288090000,10:bd:18:c6:d1:94,-60,umd-guest,-76.9424176,38.98728558,5,[ESS],,62437
1551288090000,10:bd:18:c6:d1:9f,-85,umd,-76.9424176,38.98728558,5,[ESS],,-5180
1551286169000,10:bd:18:f0:6c:20,-35,umd,-76.9433396,38.98674762,3,[ESS],,62437
1551286169000,10:bd:18:f0:6c:21,-38,eduroam,-76.9433396,38.98674762,3,[WPA2-EAP-CCMP][ESS],,62437
1551286169000,10:bd:18:f0:6c:22,-39,umd-secure,-76.9433396,38.98674762,3,[WPA2-EAP-CCMP][ESS],,62437
1551286169000,10:bd:18:f0:6c:23,-34,umd-util2,-76.9433396,38.98674762,3,[WPA2-PSK-CCMP][WPA-PSK-CCMP][ESS],,62437
1551286169000,10:bd:18:f0:6c:24,-35,umd-guest,-76.9433396,38.98674762,3,[ESS],,62437
1551286169000,10:bd:18:f0:6c:2b,-44,umd-guest,-76.9433396,38.98674762,3,[ESS],,-5745
1551286169000,10:bd:18:f0:6c:2c,-43,umd-util2,-76.9433396,38.98674762,3,[WPA2-PSK-CCMP][WPA-PSK-CCMP][ESS],,-5745
1551286169000,10:bd:18:f0:6c:2d,-45,umd-secure,-76.9433396,38.98674762,3,[WPA2-EAP-CCMP][ESS],,-5745
1551286169000,10:bd:18:f0:6c:2e,-44,eduroam,-76.9433396,38.98674762,3,[WPA2-EAP-CCMP][ESS],,-5745
1551286169000,10:bd:18:f0:6c:2f,-43,umd,-76.9433396,38.98674762,3,[ESS],,-5745
1551284007000,10:bd:18:f0:6d:0b,-84,umd-guest,-76.94017023,38.99013024,5,[ESS],,-5765
1551288451000,10:bd:18:f0:71:10,-72,umd,-76.93807458,38.98836982,6,[ESS],,62437
1551288451000,10:bd:18:f0:71:1b,-81,umd-guest,-76.93807458,38.98836982,6,[ESS],,-5745
1551284248000,12:62:e5:5e:c0:c3,-83,DIRECT-c3-HP M15 LaserJet,-76.94338641,38.98844955,9,[WPA2-PSK-CCMP][ESS][WPS],,62437
1551288330000,18:33:9d:71:f2:90,-82,umd,-76.93976145,38.98728484,8,[ESS],,112462
1551288330000,18:33:9d:71:f2:91,-81,eduroam,-76.93976145,38.98728484,8,[WPA2-EAP-CCMP][ESS],,112462
1551288330000,18:33:9d:71:f2:92,-81,umd-secure,-76.93976145,38.98728484,8,[WPA2-EAP-CCMP][ESS],,112462
1551288330000,18:33:9d:71:f2:93,-81,umd-util2,-76.93976145,38.98728484,8,[WPA2-PSK-CCMP][WPA-PSK-CCMP][ESS],,112462
1551288330000,18:33:9d:71:f2:94,-82,umd-guest,-76.93976145,38.98728484,8,[ESS],,112462
1551288451000,18:33:9d:71:f2:9d,-84,umd-secure,-76.93807458,38.98836982,6,[WPA2-EAP-CCMP][ESS],,-5805
1551287125000,18:33:9d:c7:9b:8b,-80,umd-guest,-76.94364343,38.98518503,6,[ESS],,-5785
1551287125000,18:33:9d:c7:9b:8d,-81,umd-secure,-76.94364343,38.98518503,6,[WPA2-EAP-CCMP][ESS],,-5785
1551284248000,18:33:9d:c7:a6:30,-71,umd,-76.94338641,38.98844955,9,[ESS],,12412
1551284248000,18:33:9d:c7:a6:31,-70,eduroam,-76.94338641,38.98844955,9,[WPA2-EAP-CCMP][ESS],,12412
1551284248000,18:33:9d:c7:a6:32,-69,umd-secure,-76.94338641,38.98844955,9,[WPA2-EAP-CCMP][ESS],,12412
1551284248000,18:33:9d:c7:a6:33,-70,umd-util2,-76.94338641,38.98844955,9,[WPA2-PSK-CCMP][WPA-PSK-CCMP][ESS],,12412
1551284248000,18:33:9d:c7:a6:34,-70,umd-guest,-76.94338641,38.98844955,9,[ESS],,12412
1551284248000,18:33:9d:c7:a6:3b,-65,umd-guest,-76.94338641,38.98844955,9,[ESS],,-5805
1551284248000,18:33:9d:c7:a6:3c,-65,umd-util2,-76.94338641,38.98844955,9,[WPA2-PSK-CCMP][WPA-PSK-CCMP][ESS],,-5805
1551284248000,18:33:9d:c7:a6:3d,-65,umd-secure,-76.94338641,38.98844955,9,[WPA2-EAP-CCMP][ESS],,-5805
1551284248000,18:33:9d:c7:a6:3e,-66,eduroam,-76.94338641,38.98844955,9,[WPA2-EAP-CCMP][ESS],,-5805
1551284248000,18:33:9d:c7:a6:3f,-67,umd,-76.94338641,38.98844955,9,[ESS],,-5805
1551288330000,18:9c:5d:8f:e1:ee,-78,eduroam,-76.93976145,38.98728484,8,[WPA2-EAP-CCMP][ESS],,-5825
1551287490000,18:9c:5d:8f:e2:ab,-83,umd-guest,-76.9429873,38.98439725,7,[ESS],,-5785
1551287490000,18:9c:5d:8f:e2:ad,-84,umd-secure,-76.9429873,38.98439725,7,[WPA2-EAP-CCMP][ESS],,-5785
1551287490000,18:9c:5d:8f:e2:af,-85,umd,-76.9429873,38.98439725,7,[ESS],,-5785
1551283954000,1c:1d:86:34:04:40,-67,umd,-76.93922521,38.99019838,4,[ESS],,112462
1551283954000,1c:1d:86:34:04:41,-67,eduroam,-76.93922521,38.99019838,4,[WPA2-EAP-CCMP][ESS],,112462
1551283954000,1c:1d:86:34:04:42,-68,umd-secure,-76.93922521,38.99019838,4,[WPA2-EAP-CCMP][ESS],,112462
1551283954000,1c:1d:86:34:04:43,-68,umd-util2,-76.93922521,38.99019838,4,[WPA2-PSK-CCMP][WPA-PSK-CCMP][ESS],,112462
1551283954000,1c:1d:86:34:04:44,-66,umd-guest,-76.93922521,38.99019838,4,[ESS],,112462
1551283954000,1c:1d:86:34:04:4b,-64,umd-guest,-76.93922521,38.99019838,4,[ESS],,-5765
1551283954000,1c:1d:86:34:04:4c,-63,umd-util2,-76.93922521,38.99019838,4,[WPA2-PSK-CCMP][WPA-PSK-CCMP][ESS],,-5765
1551283954000,1c:1d:86:34:04:4d,-64,umd-secure,-76.93922521,38.99019838,4,[WPA2-EAP-CCMP][ESS],,-5765
1551283954000,1c:1d:86:34:04:4e,-64,eduroam,-76.93922521,38.99019838,4,[WPA2-EAP-CCMP][ESS],,-5765
1551283954000,1c:1d:86:34:04:4f,-64,umd,-76.93922521,38.99019838,4,[ESS],,-5765
1551283954000,1c:1d:86:34:08:c0,-76,umd,-76.93922521,38.99019838,4,[ESS],,112462
1551283954000,1c:1d:86:34:08:c1,-79,eduroam,-76.93922521,38.99019838,4,[WPA2-EAP-CCMP][ESS],,112462
1551288571000,1c:1d:86:34:08:c2,-84,umd-secure,-76.93702729,38.98970016,5,[WPA2-EAP-CCMP][ESS],,112462
1551283954000,1c:1d:86:34:08:cc,-74,umd-util2,-76.93922521,38.99019838,4,[WPA2-PSK-CCMP][WPA-PSK-CCMP][ESS],,-5785
1551288571000,1c:1d:86:34:08:cf,-76,umd,-76.93702729,38.98970016,5,[ESS],,-5785
1551284007000,1c:1d:86:34:0a:00,-80,umd,-76.94017023,38.99013024,5,[ESS],,12412
1551284007000,1c:1d:86:34:0a:01,-81,eduroam,-76.94017023,38.99013024,5,[WPA2-EAP-CCMP][ESS],,12412
1551284007000,1c:1d:86:34:0a:02,-81,umd-secure,-76.94017023,38.99013024,5,[WPA2-EAP-CCMP][ESS],,12412
1551284007000,1c:1d:86:34:0a:03,-81,umd-util2,-76.94017023,38.99013024,5,[WPA2-PSK-CCMP][WPA-PSK-CCMP][ESS],,12412
1551284007000,1c:1d:86:34:0a:04,-81,umd-guest,-76.94017023,38.99013024,5,[ESS],,12412
1551284007000,1c:1d:86:34:0a:0c,-77,umd-util2,-76.94017023,38.99013024,5,[WPA2-PSK-CCMP][WPA-PSK-CCMP][ESS],,-5825
1551284007000,1c:1d:86:34:0a:0f,-75,umd,-76.94017023,38.99013024,5,[ESS],,-5825
1551288090000,1c:1d:86:34:18:a3,-79,umd-util2,-76.9424176,38.98728558,5,[WPA2-PSK-CCMP][WPA-PSK-CCMP][ESS],,112462
1551288090000,1c:1d:86:34:18:ae,-79,eduroam,-76.9424176,38.98728558,5,[WPA2-EAP-CCMP][ESS],,-5825
1551288571000,1c:1d:86:34:1d:40,-62,umd,-76.93702729,38.98970016,5,[ESS],,12412
1551288451000,1c:1d:86:34:1d:41,-63,eduroam,-76.93807458,38.98836982,6,[WPA2-EAP-CCMP][ESS],,12412
1551288451000,1c:1d:86:34:1d:42,-64,umd-secure,-76.93807458,38.98836982,6,[WPA2-EAP-CCMP][ESS],,12412
1551288451000,1c:1d:86:34:1d:43,-64,umd-util2,-76.93807458,38.98836982,6,[WPA2-PSK-CCMP][WPA-PSK-CCMP][ESS],,12412
1551288571000,1c:1d:86:34:1d:44,-63,umd-guest,-76.93702729,38.98970016,5,[ESS],,12412
1551288451000,1c:1d:86:34:1d:4b,-57,umd-guest,-76.93807458,38.98836982,6,[ESS],,-5765
1551288451000,1c:1d:86:34:1d:4c,-56,umd-util2,-76.93807458,38.98836982,6,[WPA2-PSK-CCMP][WPA-PSK-CCMP][ESS],,-5765
1551288451000,1c:1d:86:34:1d:4d,-57,umd-secure,-76.93807458,38.98836982,6,[WPA2-EAP-CCMP][ESS],,-5765
1551288451000,1c:1d:86:34:1d:4e,-57,eduroam,-76.93807458,38.98836982,6,[WPA2-EAP-CCMP][ESS],,-5765
1551288451000,1c:1d:86:34:1d:4f,-58,umd,-76.93807458,38.98836982,6,[ESS],,-5765
1551286048000,1c:1d:86:34:ac:e0,-68,umd,-76.94435438,38.9874909,5,[ESS],,12412
1551286048000,1c:1d:86:34:ac:e1,-68,eduroam,-76.94435438,38.9874909,5,[WPA2-EAP-CCMP][ESS],,12412
1551286048000,1c:1d:86:34:ac:e2,-69,umd-secure,-76.94435438,38.9874909,5,[WPA2-EAP-CCMP][ESS],,12412
1551286048000,1c:1d:86:34:ac:e3,-68,umd-util2,-76.94435438,38.9874909,5,[WPA2-PSK-CCMP][WPA-PSK-CCMP][ESS],,12412
1551286048000,1c:1d:86:34:ac:e4,-71,umd-guest,-76.94435438,38.9874909,5,[ESS],,12412
1551286890000,1c:1d:86:34:ac:eb,-84,umd-guest,-76.94430048,38.98706673,4,[ESS],,-5825
1551286048000,1c:1d:86:34:ac:ec,-62,umd-util2,-76.94435438,38.9874909,5,[WPA2-PSK-CCMP][WPA-PSK-CCMP][ESS],,-5825
1551287014000,1c:1d:86:34:ac:ed,-83,umd-secure,-76.94461759,38.98642967,5,[WPA2-EAP-CCMP][ESS],,-5825
1551286890000,1c:1d:86:34:ac:ee,-84,eduroam,-76.94430048,38.98706673,4,[WPA2-EAP-CCMP][ESS],,-5825
1551288090000,1c:36:bb:05:65:20,-79,Apple Network 056521,-76.9424176,38.98728558,5,[ESS],,112462
1551287014000,20:3a:07:e5:37:f0,-72,umd,-76.94461759,38.98642967,5,[ESS],,12412
1551287014000,20:3a:07:e5:37:f1,-72,eduroam,-76.94461759,38.98642967,5,[WPA2-EAP-CCMP][ESS],,12412
1551287014000,20:3a:07:e5:37:f2,-69,umd-secure,-76.94461759,38.98642967,5,[WPA2-EAP-CCMP][ESS],,12412
1551287014000,20:3a:07:e5:37:f3,-72,umd-util2,-76.94461759,38.98642967,5,[WPA2-PSK-CCMP][WPA-PSK-CCMP][ESS],,12412
1551287014000,20:3a:07:e5:37:f4,-72,umd-guest,-76.94461759,38.98642967,5,[ESS],,12412
1551287014000,20:3a:07:e5:37:fd,-54,umd-secure,-76.94461759,38.98642967,5,[WPA2-EAP-CCMP][ESS],,-5765
1551288451000,24:a2:e1:f0:99:34,-80,CECD,-76.93807458,38.98836982,6,[WPA2-PSK-CCMP][ESS],,62437
1551288090000,28:6f:7f:b2:61:6b,-83,umd-guest,-76.9424176,38.98728558,5,[ESS],,-5805
1551288090000,28:6f:7f:b2:61:6c,-83,umd-util2,-76.9424176,38.98728558,5,[WPA2-PSK-CCMP][WPA-PSK-CCMP][ESS],,-5805
1551288090000,28:6f:7f:b2:61:6d,-83,umd-secure,-76.9424176,38.98728558,5,[WPA2-EAP-CCMP][ESS],,-5805
1551288090000,28:6f:7f:b2:61:6e,-85,eduroam,-76.9424176,38.98728558,5,[WPA2-EAP-CCMP][ESS],,-5805
1551288090000,28:6f:7f:b2:61:6f,-85,umd,-76.9424176,38.98728558,5,[ESS],,-5805
1551283954000,2c:33:11:df:1c:0b,-84,umd-guest,-76.93922521,38.99019838,4,[ESS],,-5745
1551283954000,2c:33:11:df:1c:0d,-82,umd-secure,-76.93922521,38.99019838,4,[WPA2-EAP-CCMP][ESS],,-5745
1551283954000,2c:33:11:df:1c:0f,-84,umd,-76.93922521,38.99019838,4,[ESS],,-5745
1551288571000,2c:33:7a:83:68:7d,-89,HP-Print-7d-LaserJet 200,-76.93702729,38.98970016,5,[WPA2-PSK-CCMP][ESS],,62437
1551284331000,2c:5a:0f:17:4a:01,-88,eduroam,-76.94405665,38.98833205,112,[WPA2-EAP-CCMP][ESS],,12412
1551284331000,2c:5a:0f:17:4a:03,-88,umd-util2,-76.94405665,38.98833205,112,[WPA2-PSK-CCMP][WPA-PSK-CCMP][ESS],,12412
1551284331000,2c:5a:0f:17:4a:0b,-81,umd-guest,-76.94405665,38.98833205,112,[ESS],,-5300
1551284331000,2c:5a:0f:17:4a:0c,-82,umd-util2,-76.94405665,38.98833205,112,[WPA2-PSK-CCMP][WPA-PSK-CCMP][ESS],,-5300
1551284331000,2c:5a:0f:17:4a:0d,-81,umd-secure,-76.94405665,38.98833205,112,[WPA2-EAP-CCMP][ESS],,-5300
1551284331000,2c:5a:0f:17:4a:0e,-81,eduroam,-76.94405665,38.98833205,112,[WPA2-EAP-CCMP][ESS],,-5300
1551284331000,2c:5a:0f:17:4a:0f,-82,umd,-76.94405665,38.98833205,112,[ESS],,-5300
1551284331000,2c:5a:0f:17:4c:61,-85,eduroam,-76.94405665,38.98833205,112,[WPA2-EAP-CCMP][ESS],,12412
1551284331000,2c:5a:0f:17:4c:62,-85,umd-secure,-76.94405665,38.98833205,112,[WPA2-EAP-CCMP][ESS],,12412
1551284331000,2c:5a:0f:17:4c:64,-80,umd-guest,-76.94405665,38.98833205,112,[ESS],,12412
1551284331000,2c:5a:0f:17:4c:6b,-89,umd-guest,-76.94405665,38.98833205,112,[ESS],,-5260
1551284331000,2c:5a:0f:17:4c:6c,-90,umd-util2,-76.94405665,38.98833205,112,[WPA2-PSK-CCMP][WPA-PSK-CCMP][ESS],,-5260
1551284331000,2c:5a:0f:17:4c:6d,-89,umd-secure,-76.94405665,38.98833205,112,[WPA2-EAP-CCMP][ESS],,-5260
1551284331000,2c:5a:0f:17:4c:6e,-88,eduroam,-76.94405665,38.98833205,112,[WPA2-EAP-CCMP][ESS],,-5260
1551284331000,2c:5a:0f:17:52:03,-77,umd-util2,-76.94405665,38.98833205,112,[WPA2-PSK-CCMP][WPA-PSK-CCMP][ESS],,112462
1551284331000,2c:5a:0f:17:52:04,-71,umd-guest,-76.94405665,38.98833205,112,[ESS],,112462
1551284331000,2c:5a:0f:17:52:0b,-68,umd-guest,-76.94405665,38.98833205,112,[ESS],,-5320
1551284331000,2c:5a:0f:17:52:0c,-68,umd-util2,-76.94405665,38.98833205,112,[WPA2-PSK-CCMP][WPA-PSK-CCMP][ESS],,-5320
1551284331000,2c:5a:0f:17:52:0d,-68,umd-secure,-76.94405665,38.98833205,112,[WPA2-EAP-CCMP][ESS],,-5320
1551284331000,2c:5a:0f:17:52:0e,-68,eduroam,-76.94405665,38.98833205,112,[WPA2-EAP-CCMP][ESS],,-5320
1551284331000,2c:5a:0f:17:52:0f,-68,umd,-76.94405665,38.98833205,112,[ESS],,-5320
1551284331000,2c:5a:0f:17:5f:20,-81,umd,-76.94405665,38.98833205,112,[ESS],,62437
1551284331000,2c:5a:0f:17:5f:21,-81,eduroam,-76.94405665,38.98833205,112,[WPA2-EAP-CCMP][ESS],,62437
1551284331000,2c:5a:0f:17:5f:22,-81,umd-secure,-76.94405665,38.98833205,112,[WPA2-EAP-CCMP][ESS],,62437
1551284331000,2c:5a:0f:17:5f:2b,-90,umd-guest,-76.94405665,38.98833205,112,[ESS],,-5300
1551284331000,2c:5a:0f:17:5f:2c,-90,umd-util2,-76.94405665,38.98833205,112,[WPA2-PSK-CCMP][WPA-PSK-CCMP][ESS],,-5300
1551284331000,2c:5a:0f:17:5f:2d,-90,umd-secure,-76.94405665,38.98833205,112,[WPA2-EAP-CCMP][ESS],,-5300
1551284331000,2c:5a:0f:17:5f:2e,-89,eduroam,-76.94405665,38.98833205,112,[WPA2-EAP-CCMP][ESS],,-5300
1551284331000,2c:5a:0f:17:5f:2f,-90,umd,-76.94405665,38.98833205,112,[ESS],,-5300
1551284331000,2c:5a:0f:17:76:20,-63,umd,-76.94405665,38.98833205,112,[ESS],,62437
1551284331000,2c:5a:0f:17:76:21,-68,eduroam,-76.94405665,38.98833205,112,[WPA2-EAP-CCMP][ESS],,62437
1551284331000,2c:5a:0f:17:76:22,-64,umd-secure,-76.94405665,38.98833205,112,[WPA2-EAP-CCMP][ESS],,62437
1551284331000,2c:5a:0f:17:76:23,-67,umd-util2,-76.94405665,38.98833205,112,[WPA2-PSK-CCMP][WPA-PSK-CCMP][ESS],,62437
1551284331000,2c:5a:0f:17:76:24,-66,umd-guest,-76.94405665,38.98833205,112,[ESS],,62437
1551284331000,2c:5a:0f:17:76:2b,-75,umd-guest,-76.94405665,38.98833205,112,[ESS],,-5220
1551284331000,2c:5a:0f:17:76:2c,-75,umd-util2,-76.94405665,38.98833205,112,[WPA2-PSK-CCMP][WPA-PSK-CCMP][ESS],,-5220
1551284331000,2c:5a:0f:17:76:2d,-76,umd-secure,-76.94405665,38.98833205,112,[WPA2-EAP-CCMP][ESS],,-5220
1551284331000,2c:5a:0f:17:76:2e,-75,eduroam,-76.94405665,38.98833205,112,[WPA2-EAP-CCMP][ESS],,-5220
1551284331000,2c:5a:0f:17:76:2f,-75,umd,-76.94405665,38.98833205,112,[ESS],,-5220
1551284331000,2c:5a:0f:17:7a:22,-46,umd-secure,-76.94405665,38.98833205,112,[WPA2-EAP-CCMP][ESS],,62437
1551284331000,2c:5a:0f:17:7a:23,-63,umd-util2,-76.94405665,38.98833205,112,[WPA2-PSK-CCMP][WPA-PSK-CCMP][ESS],,62437
1551284331000,2c:5a:0f:17:7a:24,-48,umd-guest,-76.94405665,38.98833205,112,[ESS],,62437
1551284331000,2c:5a:0f:17:7a:2b,-63,umd-guest,-76.94405665,38.98833205,112,[ESS],,-5180
1551284331000,2c:5a:0f:17:7a:2c,-64,umd-util2,-76.94405665,38.98833205,112,[WPA2-PSK-CCMP][WPA-PSK-CCMP][ESS],,-5180
1551284331000,2c:5a:0f:17:7a:2d,-63,umd-secure,-76.94405665,38.98833205,112,[WPA2-EAP-CCMP][ESS],,-5180
1551284331000,2c:5a:0f:17:7a:2e,-63,eduroam,-76.94405665,38.98833205,112,[WPA2-EAP-CCMP][ESS],,-5180
1551284331000,2c:5a:0f:17:7a:2f,-63,umd,-76.94405665,38.98833205,112,[ESS],,-5180
1551284331000,2c:5a:0f:17:7d:a3,-64,umd-util2,-76.94405665,38.98833205,112,[WPA2-PSK-CCMP][WPA-PSK-CCMP][ESS],,112462
1551284331000,2c:5a:0f:17:7d:a4,-62,umd-guest,-76.94405665,38.98833205,112,[ESS],,112462
1551284331000,2c:5a:0f:17:7d:ab,-73,umd-guest,-76.94405665,38.98833205,112,[ESS],,-5300
1551284331000,2c:5a:0f:17:7d:ac,-72,umd-util2,-76.94405665,38.98833205,112,[WPA2-PSK-CCMP][WPA-PSK-CCMP][ESS],,-5300
1551284331000,2c:5a:0f:17:7d:ad,-73,umd-secure,-76.94405665,38.98833205,112,[WPA2-EAP-CCMP][ESS],,-5300
1551284331000,2c:5a:0f:17:7d:ae,-73,eduroam,-76.94405665,38.98833205,112,[WPA2-EAP-CCMP][ESS],,-5300
1551284331000,2c:5a:0f:17:7d:af,-73,umd,-76.94405665,38.98833205,112,[ESS],,-5300
1551284331000,2c:5a:0f:17:87:20,-77,umd,-76.94405665,38.98833205,112,[ESS],,112462
1551284331000,2c:5a:0f:17:87:21,-85,eduroam,-76.94405665,38.98833205,112,[WPA2-EAP-CCMP][ESS],,112462
1551284331000,2c:5a:0f:17:87:22,-83,umd-secure,-76.94405665,38.98833205,112,[WPA2-EAP-CCMP][ESS],,112462
1551284331000,2c:5a:0f:17:87:23,-76,umd-util2,-76.94405665,38.98833205,112,[WPA2-PSK-CCMP][WPA-PSK-CCMP][ESS],,112462
1551284331000,2c:5a:0f:17:87:2b,-84,umd-guest,-76.94405665,38.98833205,112,[ESS],,-5180
1551284331000,2c:5a:0f:17:87:2c,-84,umd-util2,-76.94405665,38.98833205,112,[WPA2-PSK-CCMP][WPA-PSK-CCMP][ESS],,-5180
1551284331000,2c:5a:0f:17:87:2d,-84,umd-secure,-76.94405665,38.98833205,112,[WPA2-EAP-CCMP][ESS],,-5180
1551284331000,2c:5a:0f:17:87:2e,-83,eduroam,-76.94405665,38.98833205,112,[WPA2-EAP-CCMP][ESS],,-5180
1551284331000,2c:5a:0f:17:87:2f,-83,umd,-76.94405665,38.98833205,112,[ESS],,-5180
1551284331000,2c:5a:0f:17:ab:63,-82,umd-util2,-76.94405665,38.98833205,112,[WPA2-PSK-CCMP][WPA-PSK-CCMP][ESS],,112462
1551284331000,2c:5a:0f:17:de:c3,-89,umd-util2,-76.94405665,38.98833205,112,[WPA2-PSK-CCMP][WPA-PSK-CCMP][ESS],,12412
1551284331000,2c:5a:0f:17:de:c4,-83,umd-guest,-76.94405665,38.98833205,112,[ESS],,12412
1551284331000,2c:5a:0f:17:de:cb,-88,umd-guest,-76.94405665,38.98833205,112,[ESS],,-5280
1551284331000,2c:5a:0f:17:de:cc,-89,umd-util2,-76.94405665,38.98833205,112,[WPA2-PSK-CCMP][WPA-PSK-CCMP][ESS],,-5280
1551284331000,2c:5a:0f:17:de:cd,-88,umd-secure,-76.94405665,38.98833205,112,[WPA2-EAP-CCMP][ESS],,-5280
1551284331000,2c:5a:0f:17:de:ce,-88,eduroam,-76.94405665,38.98833205,112,[WPA2-EAP-CCMP][ESS],,-5280
1551284331000,2c:5a:0f:17:de:cf,-89,umd,-76.94405665,38.98833205,112,[ESS],,-5280
1551284331000,2c:5a:0f:17:ed:ab,-89,umd-guest,-76.94405665,38.98833205,112,[ESS],,-5260
1551284331000,2c:5a:0f:17:ed:ad,-90,umd-secure,-76.94405665,38.98833205,112,[WPA2-EAP-CCMP][ESS],,-5260
1551284331000,2c:5a:0f:17:ed:ae,-89,eduroam,-76.94405665,38.98833205,112,[WPA2-EAP-CCMP][ESS],,-5260
1551284331000,2c:5a:0f:17:f6:c0,-65,umd,-76.94405665,38.98833205,112,[ESS],,12412
1551284331000,2c:5a:0f:17:f6:c1,-80,eduroam,-76.94405665,38.98833205,112,[WPA2-EAP-CCMP][ESS],,12412
1551284331000,2c:5a:0f:17:f6:c2,-71,umd-secure,-76.94405665,38.98833205,112,[WPA2-EAP-CCMP][ESS],,12412
1551284331000,2c:5a:0f:17:f6:c3,-76,umd-util2,-76.94405665,38.98833205,112,[WPA2-PSK-CCMP][WPA-PSK-CCMP][ESS],,12412
1551284331000,2c:5a:0f:17:f6:c4,-71,umd-guest,-76.94405665,38.98833205,112,[ESS],,12412
1551284331000,2c:5a:0f:17:f6:cb,-81,umd-guest,-76.94405665,38.98833205,112,[ESS],,-5280
1551284331000,2c:5a:0f:17:f6:cc,-81,umd-util2,-76.94405665,38.98833205,112,[WPA2-PSK-CCMP][WPA-PSK-CCMP][ESS],,-5280
1551284331000,2c:5a:0f:17:f6:cd,-82,umd-secure,-76.94405665,38.98833205,112,[WPA2-EAP-CCMP][ESS],,-5280
1551284331000,2c:5a:0f:17:f6:ce,-80,eduroam,-76.94405665,38.98833205,112,[WPA2-EAP-CCMP][ESS],,-5280
1551284331000,2c:5a:0f:17:f6:cf,-82,umd,-76.94405665,38.98833205,112,[ESS],,-5280
1551284331000,2c:5a:0f:29:6d:40,-76,umd,-76.94405665,38.98833205,112,[ESS],,112462
1551284331000,2c:5a:0f:29:6d:4b,-74,umd-guest,-76.94405665,38.98833205,112,[ESS],,-5745
1551284331000,2c:5a:0f:29:6d:4c,-74,umd-util2,-76.94405665,38.98833205,112,[WPA2-PSK-CCMP][WPA-PSK-CCMP][ESS],,-5745
1551284331000,2c:5a:0f:29:6d:4d,-74,umd-secure,-76.94405665,38.98833205,112,[WPA2-EAP-CCMP][ESS],,-5745
1551284331000,2c:5a:0f:29:6d:4e,-76,eduroam,-76.94405665,38.98833205,112,[WPA2-EAP-CCMP][ESS],,-5745
1551284331000,2c:5a:0f:29:6d:4f,-75,umd,-76.94405665,38.98833205,112,[ESS],,-5745
1551284331000,2c:5a:0f:2a:b4:4b,-77,umd-guest,-76.94405665,38.98833205,112,[ESS],,-5240
1551284331000,2c:5a:0f:2a:b4:4c,-78,umd-util2,-76.94405665,38.98833205,112,[WPA2-PSK-CCMP][WPA-PSK-CCMP][ESS],,-5240
1551284331000,2c:5a:0f:2a:b4:4d,-77,umd-secure,-76.94405665,38.98833205,112,[WPA2-EAP-CCMP][ESS],,-5240
1551284331000,2c:5a:0f:2a:b4:4e,-77,eduroam,-76.94405665,38.98833205,112,[WPA2-EAP-CCMP][ESS],,-5240
1551284331000,2c:5a:0f:2a:b4:4f,-77,umd,-76.94405665,38.98833205,112,[ESS],,-5240
1551284248000,2c:5a:0f:2a:cb:02,-70,umd-secure,-76.94338641,38.98844955,9,[WPA2-EAP-CCMP][ESS],,62437
1551284248000,2c:5a:0f:2a:cb:03,-71,umd-util2,-76.94338641,38.98844955,9,[WPA2-PSK-CCMP][WPA-PSK-CCMP][ESS],,62437
1551284248000,2c:5a:0f:2a:cb:04,-71,umd-guest,-76.94338641,38.98844955,9,[ESS],,62437
1551284248000,2c:5a:0f:2a:d9:40,-68,umd,-76.94338641,38.98844955,9,[ESS],,112462
1551284248000,2c:5a:0f:2a:d9:41,-70,eduroam,-76.94338641,38.98844955,9,[WPA2-EAP-CCMP][ESS],,112462
1551284248000,2c:5a:0f:2a:d9:42,-68,umd-secure,-76.94338641,38.98844955,9,[WPA2-EAP-CCMP][ESS],,112462
1551284248000,2c:5a:0f:2a:d9:43,-68,umd-util2,-76.94338641,38.98844955,9,[WPA2-PSK-CCMP][WPA-PSK-CCMP][ESS],,112462
1551284248000,2c:5a:0f:2a:d9:4b,-88,umd-guest,-76.94338641,38.98844955,9,[ESS],,-5180
1551284248000,2c:5a:0f:2a:d9:4d,-87,umd-secure,-76.94338641,38.98844955,9,[WPA2-EAP-CCMP][ESS],,-5180
1551284248000,2c:5a:0f:2a:d9:4e,-86,eduroam,-76.94338641,38.98844955,9,[WPA2-EAP-CCMP][ESS],,-5180
1551284248000,2c:5a:0f:2a:d9:4f,-86,umd,-76.94338641,38.98844955,9,[ESS],,-5180
1551284248000,2c:5a:0f:2a:da:e0,-66,umd,-76.94338641,38.98844955,9,[ESS],,12412
1551284248000,2c:5a:0f:2a:da:e1,-65,eduroam,-76.94338641,38.98844955,9,[WPA2-EAP-CCMP][ESS],,12412
1551284248000,2c:5a:0f:2a:da:e2,-65,umd-secure,-76.94338641,38.98844955,9,[WPA2-EAP-CCMP][ESS],,12412
1551284248000,2c:5a:0f:2a:da:e3,-66,umd-util2,-76.94338641,38.98844955,9,[WPA2-PSK-CCMP][WPA-PSK-CCMP][ESS],,12412
1551284248000,2c:5a:0f:2a:da:e4,-66,umd-guest,-76.94338641,38.98844955,9,[ESS],,12412
1551284248000,2c:5a:0f:2a:da:eb,-84,umd-guest,-76.94338641,38.98844955,9,[ESS],,-5220
1551284248000,2c:5a:0f:2a:da:ec,-86,umd-util2,-76.94338641,38.98844955,9,[WPA2-PSK-CCMP][WPA-PSK-CCMP][ESS],,-5220
1551284248000,2c:5a:0f:2a:da:ed,-84,umd-secure,-76.94338641,38.98844955,9,[WPA2-EAP-CCMP][ESS],,-5220
1551284248000,2c:5a:0f:2a:da:ee,-84,eduroam,-76.94338641,38.98844955,9,[WPA2-EAP-CCMP][ESS],,-5220
1551284248000,2c:5a:0f:2a:da:ef,-87,umd,-76.94338641,38.98844955,9,[ESS],,-5220
1551284248000,2c:5a:0f:2a:dd:c0,-70,umd,-76.94338641,38.98844955,9,[ESS],,12412
1551284248000,2c:5a:0f:2a:dd:c1,-72,eduroam,-76.94338641,38.98844955,9,[WPA2-EAP-CCMP][ESS],,12412
1551284248000,2c:5a:0f:2a:dd:c2,-71,umd-secure,-76.94338641,38.98844955,9,[WPA2-EAP-CCMP][ESS],,12412
1551284248000,2c:5a:0f:2a:dd:c3,-72,umd-util2,-76.94338641,38.98844955,9,[WPA2-PSK-CCMP][WPA-PSK-CCMP][ESS],,12412
1551284248000,2c:5a:0f:2a:dd:c4,-71,umd-guest,-76.94338641,38.98844955,9,[ESS],,12412
1551284248000,2c:5a:0f:2c:08:0b,-89,umd-guest,-76.94338641,38.98844955,9,[ESS],,-5240
1551284248000,2c:5a:0f:2c:08:0c,-88,umd-util2,-76.94338641,38.98844955,9,[WPA2-PSK-CCMP][WPA-PSK-CCMP][ESS],,-5240
1551287014000,2c:5a:0f:3c:36:23,-79,umd-util2,-76.94461759,38.98642967,5,[WPA2-PSK-CCMP][WPA-PSK-CCMP][ESS],,12412
1551287014000,2c:5a:0f:3c:36:24,-79,umd-guest,-76.94461759,38.98642967,5,[ESS],,12412
1551287014000,2c:5a:0f:3c:36:2b,-86,umd-guest,-76.94461759,38.98642967,5,[ESS],,-5240
1551287014000,2c:5a:0f:3c:36:2c,-85,umd-util2,-76.94461759,38.98642967,5,[WPA2-PSK-CCMP][WPA-PSK-CCMP][ESS],,-5240
1551287014000,2c:5a:0f:3c:36:2d,-86,umd-secure,-76.94461759,38.98642967,5,[WPA2-EAP-CCMP][ESS],,-5240
1551287014000,2c:5a:0f:3c:36:2e,-85,eduroam,-76.94461759,38.98642967,5,[WPA2-EAP-CCMP][ESS],,-5240
1551287014000,2c:5a:0f:3c:36:2f,-85,umd,-76.94461759,38.98642967,5,[ESS],,-5240
1551284248000,2c:5a:0f:3e:f2:a1,-86,eduroam,-76.94338641,38.98844955,9,[WPA2-EAP-CCMP][ESS],,112462
1551284248000,2c:5a:0f:3e:f2:a3,-86,umd-util2,-76.94338641,38.98844955,9,[WPA2-PSK-CCMP][WPA-PSK-CCMP][ESS],,112462
1551284248000,2c:5a:0f:3e:f2:a4,-85,umd-guest,-76.94338641,38.98844955,9,[ESS],,112462
1551287850000,32:c4:d8:0c:89:cd,-79,hpsetup,-76.94054314,38.98513643,10,,,112462
1551284331000,3c:a0:67:ef:65:91,-74,DIRECT-EXLAPTOP-CK5292EUmsCZ,-76.94405665,38.98833205,112,[WPA2-PSK-CCMP][ESS][WPS],,112462
1551287490000,48:5a:b6:5a:3d:b2,-81,HP-Print-B2-LaserJet 1102,-76.9429873,38.98439725,7,[ESS],,62437
1551284248000,50:c7:bf:24:8a:a2,-77,DINMANLAB_5G,-76.94338641,38.98844955,9,[WPA2-PSK-CCMP][ESS][WPS],,-5180
1551284248000,50:c7:bf:24:8a:a3,-72,DINMANLAB,-76.94338641,38.98844955,9,[WPA2-PSK-CCMP][ESS][WPS],,62437
1551287490000,64:d8:14:72:09:40,-75,umd,-76.9429873,38.98439725,7,[ESS],,12412
1551287490000,64:d8:14:72:09:41,-75,eduroam,-76.9429873,38.98439725,7,[WPA2-EAP-CCMP][ESS],,12412
1551287490000,64:d8:14:72:09:42,-75,umd-secure,-76.9429873,38.98439725,7,[WPA2-EAP-CCMP][ESS],,12412
1551287490000,64:d8:14:72:09:43,-74,umd-util2,-76.9429873,38.98439725,7,[WPA2-PSK-CCMP][WPA-PSK-CCMP][ESS],,12412
1551287490000,64:d8:14:72:09:44,-74,umd-guest,-76.9429873,38.98439725,7,[ESS],,12412
1551287490000,64:d8:14:72:09:4b,-66,umd-guest,-76.9429873,38.98439725,7,[ESS],,-5785
1551287490000,64:d8:14:72:09:4c,-64,umd-util2,-76.9429873,38.98439725,7,[WPA2-PSK-CCMP][WPA-PSK-CCMP][ESS],,-5785
1551287490000,64:d8:14:72:09:4d,-66,umd-secure,-76.9429873,38.98439725,7,[WPA2-EAP-CCMP][ESS],,-5785
1551287490000,64:d8:14:72:09:4e,-64,eduroam,-76.9429873,38.98439725,7,[WPA2-EAP-CCMP][ESS],,-5785
1551287490000,64:d8:14:72:09:4f,-65,umd,-76.9429873,38.98439725,7,[ESS],,-5785
1551287850000,68:86:a7:29:af:cf,-86,umd,-76.94054314,38.98513643,10,[ESS],,-5805
1551288451000,6c:70:9f:d9:e1:24,-82,CECD,-76.93807458,38.98836982,6,[WPA2-PSK-CCMP][ESS],,62437
1551288451000,6e:24:e1:d9:9f:70,-82,CECD Guest Network,-76.93807458,38.98836982,6,[WPA2-PSK-CCMP+TKIP][WPA-PSK-TKIP][ESS],,62437
1551288451000,70:56:81:cd:86:f7,-83,ME's Wi-Fi Network,-76.93807458,38.98836982,6,[WPA2-PSK-CCMP][ESS],,112462
1551288571000,70:e4:22:ae:3e:82,-85,umd-secure,-76.93702729,38.98970016,5,[WPA2-EAP-CCMP][ESS],,12412
1551288571000,70:e4:22:ae:3e:84,-85,umd-guest,-76.93702729,38.98970016,5,[ESS],,12412
1551288571000,70:e4:22:ae:3e:8b,-88,umd-guest,-76.93702729,38.98970016,5,[ESS],,-5300
1551288571000,70:e4:22:ae:3e:8c,-91,umd-util2,-76.93702729,38.98970016,5,[WPA2-PSK-CCMP][WPA-PSK-CCMP][ESS],,-5300
1551288571000,70:e4:22:ae:3e:8d,-90,umd-secure,-76.93702729,38.98970016,5,[WPA2-EAP-CCMP][ESS],,-5300
1551288571000,70:e4:22:ae:3e:8e,-90,eduroam,-76.93702729,38.98970016,5,[WPA2-EAP-CCMP][ESS],,-5300
1551288571000,70:e4:22:ae:3e:8f,-90,umd,-76.93702729,38.98970016,5,[ESS],,-5300
1551284248000,70:e4:22:c2:1d:83,-90,umd-util2,-76.94338641,38.98844955,9,[WPA2-PSK-CCMP][WPA-PSK-CCMP][ESS],,12412
1551288451000,72:56:81:cd:86:f8,-81,Conference Room,-76.93807458,38.98836982,6,[WPA2-PSK-CCMP][ESS],,112462
1551287850000,78:72:5d:94:6b:c2,-84,umd-secure,-76.94054314,38.98513643,10,[WPA2-EAP-CCMP][ESS],,112462
1551287850000,78:72:5d:94:6b:c4,-84,umd-guest,-76.94054314,38.98513643,10,[ESS],,112462
1551284007000,78:72:5d:94:93:40,-67,umd,-76.94017023,38.99013024,5,[ESS],,112462
1551284007000,78:72:5d:94:93:41,-67,eduroam,-76.94017023,38.99013024,5,[WPA2-EAP-CCMP][ESS],,112462
1551284007000,78:72:5d:94:93:42,-68,umd-secure,-76.94017023,38.99013024,5,[WPA2-EAP-CCMP][ESS],,112462
1551284007000,78:72:5d:94:93:4d,-87,umd-secure,-76.94017023,38.99013024,5,[WPA2-EAP-CCMP][ESS],,-5320
1551284007000,78:72:5d:94:93:4e,-86,eduroam,-76.94017023,38.99013024,5,[WPA2-EAP-CCMP][ESS],,-5320
1551284007000,78:72:5d:94:93:4f,-86,umd,-76.94017023,38.99013024,5,[ESS],,-5320
1551284007000,78:72:5d:94:9d:40,-74,umd,-76.94017023,38.99013024,5,[ESS],,12412
1551284007000,78:72:5d:94:9d:41,-76,eduroam,-76.94017023,38.99013024,5,[WPA2-EAP-CCMP][ESS],,12412
1551284007000,78:72:5d:94:9d:42,-75,umd-secure,-76.94017023,38.99013024,5,[WPA2-EAP-CCMP][ESS],,12412
1551284007000,78:72:5d:94:9d:43,-75,umd-util2,-76.94017023,38.99013024,5,[WPA2-PSK-CCMP][WPA-PSK-CCMP][ESS],,12412
1551284007000,78:72:5d:94:9d:44,-76,umd-guest,-76.94017023,38.99013024,5,[ESS],,12412
1551286766000,78:72:5d:94:c1:a0,-81,umd,-76.94422855,38.98688758,4,[ESS],,62437
1551286766000,78:72:5d:94:c1:a1,-81,eduroam,-76.94422855,38.98688758,4,[WPA2-EAP-CCMP][ESS],,62437
1551287490000,78:72:5d:94:c5:80,-85,umd,-76.9429873,38.98439725,7,[ESS],,112462
1551287730000,78:72:5d:94:c5:81,-74,eduroam,-76.94195736,38.98465814,6,[WPA2-EAP-CCMP][ESS],,112462
1551287667000,78:72:5d:94:c5:84,-80,umd-guest,-76.94140944,38.98487916,5,[ESS],,112462
1551284007000,78:72:5d:94:c8:80,-74,umd,-76.94017023,38.99013024,5,[ESS],,12412
1551284007000,78:72:5d:94:c8:83,-74,umd-util2,-76.94017023,38.99013024,5,[WPA2-PSK-CCMP][WPA-PSK-CCMP][ESS],,12412
1551284007000,78:72:5d:94:c8:84,-75,umd-guest,-76.94017023,38.99013024,5,[ESS],,12412
1551287667000,78:72:5d:95:03:4b,-80,umd-guest,-76.94140944,38.98487916,5,[ESS],,-5320
1551287667000,78:72:5d:95:03:4c,-80,umd-util2,-76.94140944,38.98487916,5,[WPA2-PSK-CCMP][WPA-PSK-CCMP][ESS],,-5320
1551287667000,78:72:5d:95:03:4d,-80,umd-secure,-76.94140944,38.98487916,5,[WPA2-EAP-CCMP][ESS],,-5320
1551287667000,78:72:5d:95:03:4e,-80,eduroam,-76.94140944,38.98487916,5,[WPA2-EAP-CCMP][ESS],,-5320
1551287667000,78:72:5d:95:03:4f,-81,umd,-76.94140944,38.98487916,5,[ESS],,-5320
1551284007000,78:72:5d:95:07:a0,-83,umd,-76.94017023,38.99013024,5,[ESS],,112462
1551284007000,78:72:5d:95:07:a1,-84,eduroam,-76.94017023,38.99013024,5,[WPA2-EAP-CCMP][ESS],,112462
1551284007000,78:72:5d:95:07:a2,-83,umd-secure,-76.94017023,38.99013024,5,[WPA2-EAP-CCMP][ESS],,112462
1551284007000,78:72:5d:95:07:a3,-82,umd-util2,-76.94017023,38.99013024,5,[WPA2-PSK-CCMP][WPA-PSK-CCMP][ESS],,112462
1551284007000,78:72:5d:95:12:60,-60,umd,-76.94017023,38.99013024,5,[ESS],,12412
1551284007000,78:72:5d:95:12:61,-63,eduroam,-76.94017023,38.99013024,5,[WPA2-EAP-CCMP][ESS],,12412
1551284007000,78:72:5d:95:12:62,-63,umd-secure,-76.94017023,38.99013024,5,[WPA2-EAP-CCMP][ESS],,12412
1551284007000,78:72:5d:95:12:63,-64,umd-util2,-76.94017023,38.99013024,5,[WPA2-PSK-CCMP][WPA-PSK-CCMP][ESS],,12412
1551284007000,78:72:5d:95:12:6b,-90,umd-guest,-76.94017023,38.99013024,5,[ESS],,-5260
1551284007000,78:72:5d:95:12:6c,-88,umd-util2,-76.94017023,38.99013024,5,[WPA2-PSK-CCMP][WPA-PSK-CCMP][ESS],,-5260
1551284007000,78:72:5d:95:12:6d,-89,umd-secure,-76.94017023,38.99013024,5,[WPA2-EAP-CCMP][ESS],,-5260
1551284007000,78:72:5d:95:12:6e,-89,eduroam,-76.94017023,38.99013024,5,[WPA2-EAP-CCMP][ESS],,-5260
1551284007000,78:72:5d:95:12:6f,-88,umd,-76.94017023,38.99013024,5,[ESS],,-5260
1551287610000,78:72:5d:95:13:40,-78,umd,-76.94180798,38.98535783,7,[ESS],,12412
1551287610000,78:72:5d:95:13:41,-80,eduroam,-76.94180798,38.98535783,7,[WPA2-EAP-CCMP][ESS],,12412
1551287610000,78:72:5d:95:13:43,-79,umd-util2,-76.94180798,38.98535783,7,[WPA2-PSK-CCMP][WPA-PSK-CCMP][ESS],,12412
1551287610000,78:72:5d:95:13:44,-79,umd-guest,-76.94180798,38.98535783,7,[ESS],,12412
1551284007000,78:72:5d:95:13:6b,-89,umd-guest,-76.94017023,38.99013024,5,[ESS],,-5320
1551284007000,78:72:5d:95:13:6c,-87,umd-util2,-76.94017023,38.99013024,5,[WPA2-PSK-CCMP][WPA-PSK-CCMP][ESS],,-5320
1551284007000,78:72:5d:95:13:6f,-89,umd,-76.94017023,38.99013024,5,[ESS],,-5320
1551288299000,78:72:5d:95:1f:e1,-83,eduroam,-76.94005444,38.98695561,4,[WPA2-EAP-CCMP][ESS],,12412
1551287249000,78:72:5d:95:20:23,-87,umd-util2,-76.94445485,38.98517243,4,[WPA2-PSK-CCMP][WPA-PSK-CCMP][ESS],,62437
1551287249000,78:72:5d:95:20:24,-84,umd-guest,-76.94445485,38.98517243,4,[ESS],,62437
1551287249000,78:72:5d:95:20:2c,-88,umd-util2,-76.94445485,38.98517243,4,[WPA2-PSK-CCMP][WPA-PSK-CCMP][ESS],,-5240
1551287249000,78:72:5d:95:20:2d,-88,umd-secure,-76.94445485,38.98517243,4,[WPA2-EAP-CCMP][ESS],,-5240
1551287249000,78:72:5d:95:20:2e,-87,eduroam,-76.94445485,38.98517243,4,[WPA2-EAP-CCMP][ESS],,-5240
1551287014000,78:72:5d:95:cb:c3,-81,umd-util2,-76.94461759,38.98642967,5,[WPA2-PSK-CCMP][WPA-PSK-CCMP][ESS],,12412
1551287014000,78:72:5d:95:cb:c4,-81,umd-guest,-76.94461759,38.98642967,5,[ESS],,12412
1551287370000,78:72:5d:95:d0:6b,-75,umd-guest,-76.94267651,38.98513356,5,[ESS],,-5745
1551287370000,78:72:5d:95:d0:6c,-75,umd-util2,-76.94267651,38.98513356,5,[WPA2-PSK-CCMP][WPA-PSK-CCMP][ESS],,-5745
1551287370000,78:72:5d:95:d0:6d,-74,umd-secure,-76.94267651,38.98513356,5,[WPA2-EAP-CCMP][ESS],,-5745
1551287370000,78:72:5d:95:d0:6e,-75,eduroam,-76.94267651,38.98513356,5,[WPA2-EAP-CCMP][ESS],,-5745
1551287370000,78:72:5d:95:d0:6f,-75,umd,-76.94267651,38.98513356,5,[ESS],,-5745
1551286169000,78:72:5d:bd:77:84,-61,umd-guest,-76.9433396,38.98674762,3,[ESS],,12412
1551286169000,78:72:5d:bd:77:8b,-74,umd-guest,-76.9433396,38.98674762,3,[ESS],,-5180
1551286169000,78:72:5d:bd:77:8c,-74,umd-util2,-76.9433396,38.98674762,3,[WPA2-PSK-CCMP][WPA-PSK-CCMP][ESS],,-5180
1551286169000,78:72:5d:bd:77:8d,-73,umd-secure,-76.9433396,38.98674762,3,[WPA2-EAP-CCMP][ESS],,-5180
1551286169000,78:72:5d:bd:77:8e,-74,eduroam,-76.9433396,38.98674762,3,[WPA2-EAP-CCMP][ESS],,-5180
1551286169000,78:72:5d:bd:77:8f,-74,umd,-76.9433396,38.98674762,3,[ESS],,-5180
1551284007000,78:72:5d:bd:86:60,-73,umd,-76.94017023,38.99013024,5,[ESS],,62437
1551284007000,78:72:5d:bd:89:cb,-84,umd-guest,-76.94017023,38.99013024,5,[ESS],,-5220
1551284007000,78:72:5d:bd:89:cc,-82,umd-util2,-76.94017023,38.99013024,5,[WPA2-PSK-CCMP][WPA-PSK-CCMP][ESS],,-5220
1551284007000,78:72:5d:bd:89:cd,-83,umd-secure,-76.94017023,38.99013024,5,[WPA2-EAP-CCMP][ESS],,-5220
1551284007000,78:72:5d:bd:89:ce,-82,eduroam,-76.94017023,38.99013024,5,[WPA2-EAP-CCMP][ESS],,-5220
1551284007000,78:72:5d:bd:89:cf,-82,umd,-76.94017023,38.99013024,5,[ESS],,-5220
1551288160000,78:72:5d:bd:8c:a2,-87,umd-secure,-76.94148391,38.98768664,8,[WPA2-EAP-CCMP][ESS],,62437
1551288160000,78:72:5d:bd:8c:a3,-85,umd-util2,-76.94148391,38.98768664,8,[WPA2-PSK-CCMP][WPA-PSK-CCMP][ESS],,62437
1551284248000,78:72:5d:bd:97:e1,-91,eduroam,-76.94338641,38.98844955,9,[WPA2-EAP-CCMP][ESS],,12412
1551284007000,78:72:5d:c6:ad:2c,-87,umd-util2,-76.94017023,38.99013024,5,[WPA2-PSK-CCMP][WPA-PSK-CCMP][ESS],,-5180
1551284007000,78:72:5d:c6:ad:2d,-88,umd-secure,-76.94017023,38.99013024,5,[WPA2-EAP-CCMP][ESS],,-5180
1551284007000,78:72:5d:c6:ad:2e,-89,eduroam,-76.94017023,38.99013024,5,[WPA2-EAP-CCMP][ESS],,-5180
1551284007000,78:72:5d:c6:ad:2f,-87,umd,-76.94017023,38.99013024,5,[ESS],,-5180
1551287970000,78:72:5d:c7:f0:04,-86,umd-guest,-76.94128142,38.98655448,5,[ESS],,12412
1551288451000,78:72:5d:c7:f5:02,-83,umd-secure,-76.93807458,38.98836982,6,[WPA2-EAP-CCMP][ESS],,12412
1551288451000,78:72:5d:c7:f5:04,-82,umd-guest,-76.93807458,38.98836982,6,[ESS],,12412
1551288451000,78:72:5d:c7:f5:0d,-91,umd-secure,-76.93807458,38.98836982,6,[WPA2-EAP-CCMP][ESS],,-5260
1551288451000,78:72:5d:c7:f5:0f,-91,umd,-76.93807458,38.98836982,6,[ESS],,-5260
1551286890000,78:ba:f9:9c:73:40,-82,umd,-76.94430048,38.98706673,4,[ESS],,12412
1551286048000,78:ba:f9:9c:73:41,-72,eduroam,-76.94435438,38.9874909,5,[WPA2-EAP-CCMP][ESS],,12412
1551286890000,78:ba:f9:9c:73:42,-82,umd-secure,-76.94430048,38.98706673,4,[WPA2-EAP-CCMP][ESS],,12412
1551286048000,78:ba:f9:9c:73:43,-71,umd-util2,-76.94435438,38.9874909,5,[WPA2-PSK-CCMP][WPA-PSK-CCMP][ESS],,12412
1551286048000,78:ba:f9:9c:73:44,-72,umd-guest,-76.94435438,38.9874909,5,[ESS],,12412
1551286048000,7c:95:f3:8a:59:01,-83,eduroam,-76.94435438,38.9874909,5,[WPA2-EAP-CCMP][ESS],,12412
1551286048000,7c:95:f3:8a:59:03,-85,umd-util2,-76.94435438,38.9874909,5,[WPA2-PSK-CCMP][WPA-PSK-CCMP][ESS],,12412
1551286048000,7c:95:f3:8a:59:0f,-81,umd,-76.94435438,38.9874909,5,[ESS],,-5825
1551284248000,7c:95:f3:8a:59:a0,-87,umd,-76.94338641,38.98844955,9,[ESS],,12412
1551284248000,7c:95:f3:8a:59:a4,-88,umd-guest,-76.94338641,38.98844955,9,[ESS],,12412
1551284248000,7c:95:f3:8a:59:ae,-81,eduroam,-76.94338641,38.98844955,9,[WPA2-EAP-CCMP][ESS],,-5765
1551287610000,7c:95:f3:8a:5c:c0,-65,umd,-76.94180798,38.98535783,7,[ESS],,112462
1551287970000,7c:95:f3:8a:5c:c1,-64,eduroam,-76.94128142,38.98655448,5,[WPA2-EAP-CCMP][ESS],,112462
1551287610000,7c:95:f3:8a:5c:c2,-65,umd-secure,-76.94180798,38.98535783,7,[WPA2-EAP-CCMP][ESS],,112462
1551287970000,7c:95:f3:8a:5c:c3,-68,umd-util2,-76.94128142,38.98655448,5,[WPA2-PSK-CCMP][WPA-PSK-CCMP][ESS],,112462
1551287610000,7c:95:f3:8a:5c:c4,-65,umd-guest,-76.94180798,38.98535783,7,[ESS],,112462
1551287610000,7c:95:f3:8a:5c:cb,-55,umd-guest,-76.94180798,38.98535783,7,[ESS],,-5745
1551287610000,7c:95:f3:8a:5c:cc,-55,umd-util2,-76.94180798,38.98535783,7,[WPA2-PSK-CCMP][WPA-PSK-CCMP][ESS],,-5745
1551287610000,7c:95:f3:8a:5c:cd,-51,umd-secure,-76.94180798,38.98535783,7,[WPA2-EAP-CCMP][ESS],,-5745
1551287610000,7c:95:f3:8a:5c:ce,-57,eduroam,-76.94180798,38.98535783,7,[WPA2-EAP-CCMP][ESS],,-5745
1551287610000,7c:95:f3:8a:5c:cf,-56,umd,-76.94180798,38.98535783,7,[ESS],,-5745
1551287850000,7c:95:f3:8a:5d:a0,-63,umd,-76.94054314,38.98513643,10,[ESS],,62437
1551287850000,7c:95:f3:8a:5d:a2,-63,umd-secure,-76.94054314,38.98513643,10,[WPA2-EAP-CCMP][ESS],,62437
1551287850000,7c:95:f3:8a:5d:a4,-63,umd-guest,-76.94054314,38.98513643,10,[ESS],,62437
1551287490000,7c:95:f3:8a:5d:ab,-83,umd-guest,-76.9429873,38.98439725,7,[ESS],,-5805
1551287970000,7c:95:f3:8a:5d:ac,-68,umd-util2,-76.94128142,38.98655448,5,[WPA2-PSK-CCMP][WPA-PSK-CCMP][ESS],,-5805
1551287850000,7c:95:f3:8a:5d:ad,-67,umd-secure,-76.94054314,38.98513643,10,[WPA2-EAP-CCMP][ESS],,-5805
1551287970000,7c:95:f3:8a:5d:ae,-70,eduroam,-76.94128142,38.98655448,5,[WPA2-EAP-CCMP][ESS],,-5805
1551287490000,7c:95:f3:8a:60:60,-50,umd,-76.9429873,38.98439725,7,[ESS],,112462
1551287490000,7c:95:f3:8a:60:61,-50,eduroam,-76.9429873,38.98439725,7,[WPA2-EAP-CCMP][ESS],,112462
1551287490000,7c:95:f3:8a:60:62,-49,umd-secure,-76.9429873,38.98439725,7,[WPA2-EAP-CCMP][ESS],,112462
1551287490000,7c:95:f3:8a:60:63,-50,umd-util2,-76.9429873,38.98439725,7,[WPA2-PSK-CCMP][WPA-PSK-CCMP][ESS],,112462
1551287490000,7c:95:f3:8a:60:64,-49,umd-guest,-76.9429873,38.98439725,7,[ESS],,112462
1551287490000,7c:95:f3:8a:60:6b,-46,umd-guest,-76.9429873,38.98439725,7,[ESS],,-5785
1551287490000,7c:95:f3:8a:60:6c,-46,umd-util2,-76.9429873,38.98439725,7,[WPA2-PSK-CCMP][WPA-PSK-CCMP][ESS],,-5785
1551287490000,7c:95:f3:8a:60:6d,-43,umd-secure,-76.9429873,38.98439725,7,[WPA2-EAP-CCMP][ESS],,-5785
1551287490000,7c:95:f3:8a:60:6e,-46,eduroam,-76.9429873,38.98439725,7,[WPA2-EAP-CCMP][ESS],,-5785
1551287490000,7c:95:f3:8a:60:6f,-46,umd,-76.9429873,38.98439725,7,[ESS],,-5785
1551284007000,7c:95:f3:8a:60:e0,-73,umd,-76.94017023,38.99013024,5,[ESS],,62437
1551284007000,7c:95:f3:8a:60:e1,-73,eduroam,-76.94017023,38.99013024,5,[WPA2-EAP-CCMP][ESS],,62437
1551284007000,7c:95:f3:8a:60:e2,-74,umd-secure,-76.94017023,38.99013024,5,[WPA2-EAP-CCMP][ESS],,62437
1551284007000,7c:95:f3:8a:60:e3,-73,umd-util2,-76.94017023,38.99013024,5,[WPA2-PSK-CCMP][WPA-PSK-CCMP][ESS],,62437
1551284007000,7c:95:f3:8a:60:e4,-73,umd-guest,-76.94017023,38.99013024,5,[ESS],,62437
1551284007000,7c:95:f3:8a:60:ee,-70,eduroam,-76.94017023,38.99013024,5,[WPA2-EAP-CCMP][ESS],,-5805
1551284007000,7c:95:f3:8a:64:8e,-76,eduroam,-76.94017023,38.99013024,5,[WPA2-EAP-CCMP][ESS],,-5825
1551287490000,80:ce:62:fd:4c:dd,-86,DIRECT-DC-HP OfficeJet Pro 8720,-76.9429873,38.98439725,7,[WPA2-PSK-CCMP][ESS][WPS],,62437
1551283765000,84:3d:c6:6e:55:fb,-68,umd-guest,-76.936698,38.99104648,10,[ESS],,-5320
1551283765000,84:3d:c6:6e:55:fc,-67,umd-util2,-76.936698,38.99104648,10,[WPA2-PSK-CCMP][WPA-PSK-CCMP][ESS],,-5320
1551283765000,84:3d:c6:6e:55:fd,-67,umd-secure,-76.936698,38.99104648,10,[WPA2-EAP-CCMP][ESS],,-5320
1551283765000,84:3d:c6:6e:55:fe,-68,eduroam,-76.936698,38.99104648,10,[WPA2-EAP-CCMP][ESS],,-5320
1551283765000,84:3d:c6:6e:55:ff,-67,umd,-76.936698,38.99104648,10,[ESS],,-5320
1551283765000,84:3d:c6:6e:5b:1b,-74,umd-guest,-76.936698,38.99104648,10,[ESS],,-5280
1551283765000,84:3d:c6:6e:5b:1c,-73,umd-util2,-76.936698,38.99104648,10,[WPA2-PSK-CCMP][WPA-PSK-CCMP][ESS],,-5280
1551283765000,84:3d:c6:6e:5b:1d,-73,umd-secure,-76.936698,38.99104648,10,[WPA2-EAP-CCMP][ESS],,-5280
1551283765000,84:3d:c6:6e:5b:1e,-74,eduroam,-76.936698,38.99104648,10,[WPA2-EAP-CCMP][ESS],,-5280
1551283765000,84:3d:c6:6e:5b:1f,-73,umd,-76.936698,38.99104648,10,[ESS],,-5280
1551287249000,88:1f:a1:37:0b:30,-79,Time Capsule ,-76.94445485,38.98517243,4,[WPA2-PSK-CCMP][ESS],,62437
1551286048000,88:f0:31:91:47:70,-78,umd,-76.94435438,38.9874909,5,[ESS],,112462
1551286048000,88:f0:31:91:47:71,-80,eduroam,-76.94435438,38.9874909,5,[WPA2-EAP-CCMP][ESS],,112462
1551286048000,88:f0:31:91:47:72,-79,umd-secure,-76.94435438,38.9874909,5,[WPA2-EAP-CCMP][ESS],,112462
1551286048000,88:f0:31:91:47:73,-80,umd-util2,-76.94435438,38.9874909,5,[WPA2-PSK-CCMP][WPA-PSK-CCMP][ESS],,112462
1551286048000,88:f0:31:91:47:74,-79,umd-guest,-76.94435438,38.9874909,5,[ESS],,112462
1551284007000,90:72:40:27:2f:ee,-87,AstroParticle,-76.94017023,38.99013024,5,[WPA2-PSK-CCMP][ESS],,62437
1551287850000,92:32:4b:07:60:ca,-82,DIRECT-ca-HP M130f LaserJet,-76.94054314,38.98513643,10,[WPA2-PSK-CCMP][ESS][WPS],,62437
1551287370000,9c:d3:6d:a7:88:10,-80,NETGEAR50-5G,-76.94267651,38.98513356,5,[WPA2-PSK-CCMP][ESS][WPS],,-5765
1551287370000,9c:d3:6d:a7:88:11,-83,NETGEAR50,-76.94267651,38.98513356,5,[WPA2-PSK-CCMP][ESS][WPS],,62437
1551287850000,a0:21:b7:9b:b0:9d,-73,NETGEAR,-76.94054314,38.98513643,10,[ESS][WPS],,22417
1551287970000,a0:3d:6f:26:32:8b,-89,umd-guest,-76.94128142,38.98655448,5,[ESS],,-5260
1551287970000,a0:3d:6f:26:32:8d,-89,umd-secure,-76.94128142,38.98655448,5,[WPA2-EAP-CCMP][ESS],,-5260
1551287970000,a0:3d:6f:26:32:8e,-89,eduroam,-76.94128142,38.98655448,5,[WPA2-EAP-CCMP][ESS],,-5260
1551287970000,a0:3d:6f:26:32:8f,-90,umd,-76.94128142,38.98655448,5,[ESS],,-5260
1551287970000,a0:3d:6f:53:7f:eb,-76,umd-guest,-76.94128142,38.98655448,5,[ESS],,-5200
1551287970000,a0:3d:6f:53:7f:ec,-74,umd-util2,-76.94128142,38.98655448,5,[WPA2-PSK-CCMP][WPA-PSK-CCMP][ESS],,-5200
1551287970000,a0:3d:6f:53:7f:ed,-73,umd-secure,-76.94128142,38.98655448,5,[WPA2-EAP-CCMP][ESS],,-5200
1551287970000,a0:3d:6f:53:7f:ee,-72,eduroam,-76.94128142,38.98655448,5,[WPA2-EAP-CCMP][ESS],,-5200
1551287970000,a0:3d:6f:53:7f:ef,-73,umd,-76.94128142,38.98655448,5,[ESS],,-5200
1551288208000,a0:3d:6f:53:84:0d,-68,umd-secure,-76.94117037,38.98724374,11,[WPA2-EAP-CCMP][ESS],,-5745
1551287970000,a0:3d:6f:53:8b:20,-74,umd,-76.94128142,38.98655448,5,[ESS],,62437
1551287970000,a0:3d:6f:53:8b:21,-74,eduroam,-76.94128142,38.98655448,5,[WPA2-EAP-CCMP][ESS],,62437
1551287970000,a0:3d:6f:53:8b:22,-75,umd-secure,-76.94128142,38.98655448,5,[WPA2-EAP-CCMP][ESS],,62437
1551287970000,a0:3d:6f:53:8b:23,-74,umd-util2,-76.94128142,38.98655448,5,[WPA2-PSK-CCMP][WPA-PSK-CCMP][ESS],,62437
1551288160000,a0:3d:6f:5c:37:a2,-86,umd-secure,-76.94148391,38.98768664,8,[WPA2-EAP-CCMP][ESS],,12412
1551288208000,a0:3d:6f:5c:37:ad,-90,umd-secure,-76.94117037,38.98724374,11,[WPA2-EAP-CCMP][ESS],,-5220
1551288160000,a0:3d:6f:5f:74:ae,-89,eduroam,-76.94148391,38.98768664,8,[WPA2-EAP-CCMP][ESS],,-5180
1551288160000,a0:3d:6f:5f:74:af,-89,umd,-76.94148391,38.98768664,8,[ESS],,-5180
1551287970000,a0:3d:6f:5f:76:2b,-87,umd-guest,-76.94128142,38.98655448,5,[ESS],,-5320
1551287970000,a0:3d:6f:5f:76:2c,-87,umd-util2,-76.94128142,38.98655448,5,[WPA2-PSK-CCMP][WPA-PSK-CCMP][ESS],,-5320
1551287970000,a0:3d:6f:5f:76:2d,-87,umd-secure,-76.94128142,38.98655448,5,[WPA2-EAP-CCMP][ESS],,-5320
1551287970000,a0:3d:6f:5f:76:2e,-88,eduroam,-76.94128142,38.98655448,5,[WPA2-EAP-CCMP][ESS],,-5320
1551287970000,a0:3d:6f:5f:76:2f,-89,umd,-76.94128142,38.98655448,5,[ESS],,-5320
1551288090000,a0:3d:6f:76:cf:8b,-74,umd-guest,-76.9424176,38.98728558,5,[ESS],,-5745
1551288090000,a0:3d:6f:76:cf:8c,-73,umd-util2,-76.9424176,38.98728558,5,[WPA2-PSK-CCMP][WPA-PSK-CCMP][ESS],,-5745
1551288090000,a0:3d:6f:76:cf:8d,-73,umd-secure,-76.9424176,38.98728558,5,[WPA2-EAP-CCMP][ESS],,-5745
1551288090000,a0:3d:6f:76:cf:8e,-73,eduroam,-76.9424176,38.98728558,5,[WPA2-EAP-CCMP][ESS],,-5745
1551288090000,a0:3d:6f:76:cf:8f,-74,umd,-76.9424176,38.98728558,5,[ESS],,-5745
1551287970000,a0:3d:6f:76:d9:8b,-91,umd-guest,-76.94128142,38.98655448,5,[ESS],,-5260
1551287970000,a0:3d:6f:76:d9:8d,-91,umd-secure,-76.94128142,38.98655448,5,[WPA2-EAP-CCMP][ESS],,-5260
1551287970000,a0:3d:6f:76:e2:cb,-82,umd-guest,-76.94128142,38.98655448,5,[ESS],,-5805
1551287970000,a0:3d:6f:76:e2:cc,-80,umd-util2,-76.94128142,38.98655448,5,[WPA2-PSK-CCMP][WPA-PSK-CCMP][ESS],,-5805
1551287970000,a0:3d:6f:76:e2:cd,-81,umd-secure,-76.94128142,38.98655448,5,[WPA2-EAP-CCMP][ESS],,-5805
1551287970000,a0:3d:6f:76:e2:ce,-81,eduroam,-76.94128142,38.98655448,5,[WPA2-EAP-CCMP][ESS],,-5805
1551287970000,a0:3d:6f:76:e2:cf,-81,umd,-76.94128142,38.98655448,5,[ESS],,-5805
1551287970000,a0:3d:6f:97:f1:c0,-78,umd,-76.94128142,38.98655448,5,[ESS],,112462
1551287970000,a0:3d:6f:97:f1:c1,-78,eduroam,-76.94128142,38.98655448,5,[WPA2-EAP-CCMP][ESS],,112462
1551287970000,a0:3d:6f:97:f1:cc,-90,umd-util2,-76.94128142,38.98655448,5,[WPA2-PSK-CCMP][WPA-PSK-CCMP][ESS],,-5200
1551287970000,a0:3d:6f:97:f1:cd,-90,umd-secure,-76.94128142,38.98655448,5,[WPA2-EAP-CCMP][ESS],,-5200
1551287970000,a0:3d:6f:97:f1:ce,-88,eduroam,-76.94128142,38.98655448,5,[WPA2-EAP-CCMP][ESS],,-5200
1551288090000,a0:3d:6f:97:fe:41,-83,eduroam,-76.9424176,38.98728558,5,[WPA2-EAP-CCMP][ESS],,112462
1551288090000,a0:3d:6f:97:fe:42,-83,umd-secure,-76.9424176,38.98728558,5,[WPA2-EAP-CCMP][ESS],,112462
1551288090000,a0:3d:6f:97:fe:43,-83,umd-util2,-76.9424176,38.98728558,5,[WPA2-PSK-CCMP][WPA-PSK-CCMP][ESS],,112462
1551288090000,a0:3d:6f:97:fe:44,-82,umd-guest,-76.9424176,38.98728558,5,[ESS],,112462
1551288090000,a0:3d:6f:97:fe:4b,-90,umd-guest,-76.9424176,38.98728558,5,[ESS],,-5280
1551288090000,a0:3d:6f:97:fe:4c,-88,umd-util2,-76.9424176,38.98728558,5,[WPA2-PSK-CCMP][WPA-PSK-CCMP][ESS],,-5280
1551288090000,a0:3d:6f:97:fe:4d,-89,umd-secure,-76.9424176,38.98728558,5,[WPA2-EAP-CCMP][ESS],,-5280
1551288090000,a0:3d:6f:97:fe:4e,-89,eduroam,-76.9424176,38.98728558,5,[WPA2-EAP-CCMP][ESS],,-5280
1551288090000,a0:3d:6f:97:fe:4f,-89,umd,-76.9424176,38.98728558,5,[ESS],,-5280
1551287970000,a0:3d:6f:a5:05:60,-83,umd,-76.94128142,38.98655448,5,[ESS],,112462
1551287970000,a0:3d:6f:a5:05:64,-84,umd-guest,-76.94128142,38.98655448,5,[ESS],,112462
1551288160000,a0:3d:6f:a5:0f:80,-85,umd,-76.94148391,38.98768664,8,[ESS],,62437
1551288160000,a0:3d:6f:a5:0f:81,-87,eduroam,-76.94148391,38.98768664,8,[WPA2-EAP-CCMP][ESS],,62437
1551287370000,a0:93:51:13:3d:cb,-72,umd-guest,-76.94267651,38.98513356,5,[ESS],,-5320
1551287370000,a0:93:51:13:3d:cc,-72,umd-util2,-76.94267651,38.98513356,5,[WPA2-PSK-CCMP][WPA-PSK-CCMP][ESS],,-5320
1551287370000,a0:93:51:13:3d:cd,-76,umd-secure,-76.94267651,38.98513356,5,[WPA2-EAP-CCMP][ESS],,-5320
1551287370000,a0:93:51:13:3d:ce,-72,eduroam,-76.94267651,38.98513356,5,[WPA2-EAP-CCMP][ESS],,-5320
1551287370000,a0:93:51:13:3d:cf,-72,umd,-76.94267651,38.98513356,5,[ESS],,-5320
1551287014000,a0:93:51:13:45:a1,-81,eduroam,-76.94461759,38.98642967,5,[WPA2-EAP-CCMP][ESS],,62437
1551287249000,a0:93:51:13:48:21,-79,eduroam,-76.94445485,38.98517243,4,[WPA2-EAP-CCMP][ESS],,62437
1551287249000,a0:93:51:13:48:24,-78,umd-guest,-76.94445485,38.98517243,4,[ESS],,62437
1551287125000,a0:93:51:13:48:2b,-82,umd-guest,-76.94364343,38.98518503,6,[ESS],,-5320
1551287125000,a0:93:51:13:48:2c,-82,umd-util2,-76.94364343,38.98518503,6,[WPA2-PSK-CCMP][WPA-PSK-CCMP][ESS],,-5320
1551287125000,a0:93:51:13:48:2d,-81,umd-secure,-76.94364343,38.98518503,6,[WPA2-EAP-CCMP][ESS],,-5320
1551287125000,a0:93:51:13:48:2e,-81,eduroam,-76.94364343,38.98518503,6,[WPA2-EAP-CCMP][ESS],,-5320
1551287125000,a0:93:51:13:48:2f,-79,umd,-76.94364343,38.98518503,6,[ESS],,-5320
1551284007000,a0:93:51:13:5a:00,-83,umd,-76.94017023,38.99013024,5,[ESS],,62437
1551284007000,a0:93:51:13:5a:03,-83,umd-util2,-76.94017023,38.99013024,5,[WPA2-PSK-CCMP][WPA-PSK-CCMP][ESS],,62437
1551288571000,a0:93:51:13:7a:43,-92,umd-util2,-76.93702729,38.98970016,5,[WPA2-PSK-CCMP][WPA-PSK-CCMP][ESS],,62437
1551284007000,a0:93:51:13:80:24,-80,umd-guest,-76.94017023,38.99013024,5,[ESS],,12412
1551284007000,a0:93:51:22:94:e0,-79,umd,-76.94017023,38.99013024,5,[ESS],,112462
1551284007000,a0:93:51:22:94:e1,-80,eduroam,-76.94017023,38.99013024,5,[WPA2-EAP-CCMP][ESS],,112462
1551284007000,a0:93:51:22:94:e3,-80,umd-util2,-76.94017023,38.99013024,5,[WPA2-PSK-CCMP][WPA-PSK-CCMP][ESS],,112462
1551284007000,a0:93:51:22:94:ec,-89,umd-util2,-76.94017023,38.99013024,5,[WPA2-PSK-CCMP][WPA-PSK-CCMP][ESS],,-5220
1551287610000,a0:93:51:29:88:60,-86,umd,-76.94180798,38.98535783,7,[ESS],,12412
1551287610000,a0:93:51:29:88:61,-86,eduroam,-76.94180798,38.98535783,7,[WPA2-EAP-CCMP][ESS],,12412
1551287610000,a0:93:51:29:88:62,-87,umd-secure,-76.94180798,38.98535783,7,[WPA2-EAP-CCMP][ESS],,12412
1551287370000,a0:93:51:29:88:e0,-91,umd,-76.94267651,38.98513356,5,[ESS],,112462
1551287490000,a0:93:51:29:94:c1,-88,eduroam,-76.9429873,38.98439725,7,[WPA2-EAP-CCMP][ESS],,112462
1551287850000,a0:93:51:29:c0:80,-77,umd,-76.94054314,38.98513643,10,[ESS],,12412
1551287850000,a0:93:51:29:c0:81,-78,eduroam,-76.94054314,38.98513643,10,[WPA2-EAP-CCMP][ESS],,12412
1551287850000,a0:93:51:29:c0:82,-77,umd-secure,-76.94054314,38.98513643,10,[WPA2-EAP-CCMP][ESS],,12412
1551287850000,a0:93:51:29:c0:83,-78,umd-util2,-76.94054314,38.98513643,10,[WPA2-PSK-CCMP][WPA-PSK-CCMP][ESS],,12412
1551287850000,a0:93:51:29:c0:84,-78,umd-guest,-76.94054314,38.98513643,10,[ESS],,12412
1551284007000,a0:93:51:31:73:e2,-64,umd-secure,-76.94017023,38.99013024,5,[WPA2-EAP-CCMP][ESS],,12412
1551287730000,a0:93:51:31:81:a2,-86,umd-secure,-76.94195736,38.98465814,6,[WPA2-EAP-CCMP][ESS],,12412
1551287730000,a0:93:51:31:81:a4,-86,umd-guest,-76.94195736,38.98465814,6,[ESS],,12412
1551287490000,a0:93:51:31:81:af,-84,umd,-76.9429873,38.98439725,7,[ESS],,-5765
1551287610000,a0:93:51:31:84:c0,-87,umd,-76.94180798,38.98535783,7,[ESS],,112462
1551287610000,a0:93:51:31:84:c2,-87,umd-secure,-76.94180798,38.98535783,7,[WPA2-EAP-CCMP][ESS],,112462
1551287610000,a0:93:51:31:84:c3,-87,umd-util2,-76.94180798,38.98535783,7,[WPA2-PSK-CCMP][WPA-PSK-CCMP][ESS],,112462
1551287730000,a0:93:51:31:8f:81,-89,eduroam,-76.94195736,38.98465814,6,[WPA2-EAP-CCMP][ESS],,112462
1551288571000,a0:93:51:31:94:6b,-86,umd-guest,-76.93702729,38.98970016,5,[ESS],,-5320
1551288571000,a0:93:51:31:94:6c,-85,umd-util2,-76.93702729,38.98970016,5,[WPA2-PSK-CCMP][WPA-PSK-CCMP][ESS],,-5320
1551288571000,a0:93:51:31:94:6d,-85,umd-secure,-76.93702729,38.98970016,5,[WPA2-EAP-CCMP][ESS],,-5320
1551288571000,a0:93:51:31:94:6e,-87,eduroam,-76.93702729,38.98970016,5,[WPA2-EAP-CCMP][ESS],,-5320
1551288571000,a0:93:51:31:94:6f,-87,umd,-76.93702729,38.98970016,5,[ESS],,-5320
1551287730000,a0:93:51:31:97:6c,-81,umd-util2,-76.94195736,38.98465814,6,[WPA2-PSK-CCMP][WPA-PSK-CCMP][ESS],,-5745
1551287730000,a0:93:51:31:97:6d,-82,umd-secure,-76.94195736,38.98465814,6,[WPA2-EAP-CCMP][ESS],,-5745
1551287730000,a0:93:51:31:97:6e,-81,eduroam,-76.94195736,38.98465814,6,[WPA2-EAP-CCMP][ESS],,-5745
1551287370000,a0:93:51:31:a5:60,-85,umd,-76.94267651,38.98513356,5,[ESS],,112462
1551287370000,a0:93:51:31:a5:61,-86,eduroam,-76.94267651,38.98513356,5,[WPA2-EAP-CCMP][ESS],,112462
1551287370000,a0:93:51:31:a5:62,-85,umd-secure,-76.94267651,38.98513356,5,[WPA2-EAP-CCMP][ESS],,112462
1551286048000,a0:93:51:31:a6:a1,-86,eduroam,-76.94435438,38.9874909,5,[WPA2-EAP-CCMP][ESS],,112462
1551286048000,a0:93:51:31:a6:a2,-87,umd-secure,-76.94435438,38.9874909,5,[WPA2-EAP-CCMP][ESS],,112462
1551288160000,a0:93:51:32:b7:6b,-87,umd-guest,-76.94148391,38.98768664,8,[ESS],,-5300
1551288160000,a0:93:51:32:b7:6c,-86,umd-util2,-76.94148391,38.98768664,8,[WPA2-PSK-CCMP][WPA-PSK-CCMP][ESS],,-5300
1551288160000,a0:93:51:32:b7:6d,-87,umd-secure,-76.94148391,38.98768664,8,[WPA2-EAP-CCMP][ESS],,-5300
1551288160000,a0:93:51:32:b7:6e,-88,eduroam,-76.94148391,38.98768664,8,[WPA2-EAP-CCMP][ESS],,-5300
1551288160000,a0:93:51:32:b7:6f,-88,umd,-76.94148391,38.98768664,8,[ESS],,-5300
1551287850000,a0:93:51:32:bc:8b,-78,umd-guest,-76.94054314,38.98513643,10,[ESS],,-5180
1551287850000,a0:93:51:32:bc:8c,-79,umd-util2,-76.94054314,38.98513643,10,[WPA2-PSK-CCMP][WPA-PSK-CCMP][ESS],,-5180
1551287850000,a0:93:51:32:bc:8d,-79,umd-secure,-76.94054314,38.98513643,10,[WPA2-EAP-CCMP][ESS],,-5180
1551287850000,a0:93:51:32:bc:8e,-79,eduroam,-76.94054314,38.98513643,10,[WPA2-EAP-CCMP][ESS],,-5180
1551287850000,a0:93:51:32:bc:8f,-81,umd,-76.94054314,38.98513643,10,[ESS],,-5180
1551288090000,a0:93:51:32:c7:43,-80,umd-util2,-76.9424176,38.98728558,5,[WPA2-PSK-CCMP][WPA-PSK-CCMP][ESS],,12412
1551288090000,a0:93:51:32:c7:44,-79,umd-guest,-76.9424176,38.98728558,5,[ESS],,12412
1551288330000,a0:93:51:32:c9:20,-84,umd,-76.93976145,38.98728484,8,[ESS],,12412
1551287249000,a0:93:51:32:ca:e0,-71,umd,-76.94445485,38.98517243,4,[ESS],,12412
1551287249000,a0:93:51:32:ca:e1,-72,eduroam,-76.94445485,38.98517243,4,[WPA2-EAP-CCMP][ESS],,12412
1551287249000,a0:93:51:32:ca:e2,-72,umd-secure,-76.94445485,38.98517243,4,[WPA2-EAP-CCMP][ESS],,12412
1551287249000,a0:93:51:32:ca:e3,-73,umd-util2,-76.94445485,38.98517243,4,[WPA2-PSK-CCMP][WPA-PSK-CCMP][ESS],,12412
1551287249000,a0:93:51:32:ca:e4,-72,umd-guest,-76.94445485,38.98517243,4,[ESS],,12412
1551283954000,a0:93:51:3a:4a:20,-79,umd,-76.93922521,38.99019838,4,[ESS],,12412
1551283954000,a0:93:51:3a:4a:21,-78,eduroam,-76.93922521,38.99019838,4,[WPA2-EAP-CCMP][ESS],,12412
1551283954000,a0:93:51:3a:4a:22,-79,umd-secure,-76.93922521,38.99019838,4,[WPA2-EAP-CCMP][ESS],,12412
1551283954000,a0:93:51:3a:4a:23,-79,umd-util2,-76.93922521,38.99019838,4,[WPA2-PSK-CCMP][WPA-PSK-CCMP][ESS],,12412
1551283954000,a0:93:51:3a:4a:24,-79,umd-guest,-76.93922521,38.99019838,4,[ESS],,12412
1551287610000,a0:93:51:3a:50:60,-71,umd,-76.94180798,38.98535783,7,[ESS],,12412
1551287610000,a0:93:51:3a:50:61,-71,eduroam,-76.94180798,38.98535783,7,[WPA2-EAP-CCMP][ESS],,12412
1551287610000,a0:93:51:3a:50:62,-72,umd-secure,-76.94180798,38.98535783,7,[WPA2-EAP-CCMP][ESS],,12412
1551287610000,a0:93:51:3a:50:63,-70,umd-util2,-76.94180798,38.98535783,7,[WPA2-PSK-CCMP][WPA-PSK-CCMP][ESS],,12412
1551287610000,a0:93:51:3a:50:64,-71,umd-guest,-76.94180798,38.98535783,7,[ESS],,12412
1551287370000,a0:93:51:3a:51:23,-73,umd-util2,-76.94267651,38.98513356,5,[WPA2-PSK-CCMP][WPA-PSK-CCMP][ESS],,62437
1551287370000,a0:93:51:3a:51:24,-73,umd-guest,-76.94267651,38.98513356,5,[ESS],,62437
1551286409000,a0:93:51:3a:54:82,-77,umd-secure,-76.94258594,38.98589893,4,[WPA2-EAP-CCMP][ESS],,12412
1551287610000,a0:93:51:3a:54:8b,-80,umd-guest,-76.94180798,38.98535783,7,[ESS],,-5320
1551287610000,a0:93:51:3a:54:8c,-80,umd-util2,-76.94180798,38.98535783,7,[WPA2-PSK-CCMP][WPA-PSK-CCMP][ESS],,-5320
1551287610000,a0:93:51:3a:54:8d,-80,umd-secure,-76.94180798,38.98535783,7,[WPA2-EAP-CCMP][ESS],,-5320
1551287610000,a0:93:51:3a:54:8e,-80,eduroam,-76.94180798,38.98535783,7,[WPA2-EAP-CCMP][ESS],,-5320
1551287610000,a0:93:51:3a:54:8f,-81,umd,-76.94180798,38.98535783,7,[ESS],,-5320
1551287610000,a0:93:51:3a:55:ab,-90,umd-guest,-76.94180798,38.98535783,7,[ESS],,-5320
1551287610000,a0:93:51:3a:55:ac,-90,umd-util2,-76.94180798,38.98535783,7,[WPA2-PSK-CCMP][WPA-PSK-CCMP][ESS],,-5320
1551287610000,a0:93:51:3a:55:ad,-90,umd-secure,-76.94180798,38.98535783,7,[WPA2-EAP-CCMP][ESS],,-5320
1551287610000,a0:93:51:3a:55:af,-89,umd,-76.94180798,38.98535783,7,[ESS],,-5320
1551286766000,a0:93:51:3a:5b:00,-75,umd,-76.94422855,38.98688758,4,[ESS],,112462
1551286766000,a0:93:51:3a:5b:01,-75,eduroam,-76.94422855,38.98688758,4,[WPA2-EAP-CCMP][ESS],,112462
1551286766000,a0:93:51:3a:5b:03,-74,umd-util2,-76.94422855,38.98688758,4,[WPA2-PSK-CCMP][WPA-PSK-CCMP][ESS],,112462
1551286766000,a0:93:51:3a:5b:0b,-91,umd-guest,-76.94422855,38.98688758,4,[ESS],,-5320
1551286766000,a0:93:51:3a:5b:0c,-90,umd-util2,-76.94422855,38.98688758,4,[WPA2-PSK-CCMP][WPA-PSK-CCMP][ESS],,-5320
1551286766000,a0:93:51:3a:5b:0e,-90,eduroam,-76.94422855,38.98688758,4,[WPA2-EAP-CCMP][ESS],,-5320
1551286766000,a0:93:51:3a:5b:0f,-90,umd,-76.94422855,38.98688758,4,[ESS],,-5320
1551286048000,a0:93:51:3d:87:40,-74,umd,-76.94435438,38.9874909,5,[ESS],,12412
1551286048000,a0:93:51:3d:87:41,-75,eduroam,-76.94435438,38.9874909,5,[WPA2-EAP-CCMP][ESS],,12412
1551286048000,a0:93:51:3d:87:42,-75,umd-secure,-76.94435438,38.9874909,5,[WPA2-EAP-CCMP][ESS],,12412
1551286048000,a0:93:51:3d:87:43,-73,umd-util2,-76.94435438,38.9874909,5,[WPA2-PSK-CCMP][WPA-PSK-CCMP][ESS],,12412
1551288571000,a0:93:51:68:75:20,-78,umd,-76.93702729,38.98970016,5,[ESS],,112462
1551288571000,a0:93:51:68:75:22,-77,umd-secure,-76.93702729,38.98970016,5,[WPA2-EAP-CCMP][ESS],,112462
1551288571000,a0:93:51:68:75:23,-77,umd-util2,-76.93702729,38.98970016,5,[WPA2-PSK-CCMP][WPA-PSK-CCMP][ESS],,112462
1551284248000,a0:93:51:68:77:e2,-90,umd-secure,-76.94338641,38.98844955,9,[WPA2-EAP-CCMP][ESS],,112462
1551286766000,a0:93:51:68:7e:a2,-74,umd-secure,-76.94422855,38.98688758,4,[WPA2-EAP-CCMP][ESS],,62437
1551286766000,a0:93:51:68:7e:a3,-74,umd-util2,-76.94422855,38.98688758,4,[WPA2-PSK-CCMP][WPA-PSK-CCMP][ESS],,62437
1551286766000,a0:93:51:68:7e:a4,-74,umd-guest,-76.94422855,38.98688758,4,[ESS],,62437
1551286766000,a0:93:51:68:7e:ab,-89,umd-guest,-76.94422855,38.98688758,4,[ESS],,-5240
1551286766000,a0:93:51:68:7e:ac,-91,umd-util2,-76.94422855,38.98688758,4,[WPA2-PSK-CCMP][WPA-PSK-CCMP][ESS],,-5240
1551286766000,a0:93:51:68:7e:ad,-90,umd-secure,-76.94422855,38.98688758,4,[WPA2-EAP-CCMP][ESS],,-5240
1551286890000,a0:93:51:68:7e:ae,-91,eduroam,-76.94430048,38.98706673,4,[WPA2-EAP-CCMP][ESS],,-5240
1551286890000,a0:93:51:68:7e:af,-92,umd,-76.94430048,38.98706673,4,[ESS],,-5240
1551288451000,a0:93:51:68:8b:a4,-83,umd-guest,-76.93807458,38.98836982,6,[ESS],,12412
1551287249000,a0:93:51:74:5c:a0,-83,umd,-76.94445485,38.98517243,4,[ESS],,112462
1551287249000,a0:93:51:74:5c:a1,-82,eduroam,-76.94445485,38.98517243,4,[WPA2-EAP-CCMP][ESS],,112462
1551286766000,a0:93:51:74:5f:c1,-66,eduroam,-76.94422855,38.98688758,4,[WPA2-EAP-CCMP][ESS],,12412
1551286766000,a0:93:51:74:5f:c2,-71,umd-secure,-76.94422855,38.98688758,4,[WPA2-EAP-CCMP][ESS],,12412
1551286890000,a0:93:51:74:5f:cb,-86,umd-guest,-76.94430048,38.98706673,4,[ESS],,-5320
1551286890000,a0:93:51:74:5f:cc,-85,umd-util2,-76.94430048,38.98706673,4,[WPA2-PSK-CCMP][WPA-PSK-CCMP][ESS],,-5320
1551286890000,a0:93:51:74:5f:cd,-84,umd-secure,-76.94430048,38.98706673,4,[WPA2-EAP-CCMP][ESS],,-5320
1551286890000,a0:93:51:74:5f:ce,-84,eduroam,-76.94430048,38.98706673,4,[WPA2-EAP-CCMP][ESS],,-5320
1551286890000,a0:93:51:74:5f:cf,-85,umd,-76.94430048,38.98706673,4,[ESS],,-5320
1551288571000,a0:93:51:79:22:a1,-81,eduroam,-76.93702729,38.98970016,5,[WPA2-EAP-CCMP][ESS],,12412
1551288571000,a0:93:51:79:22:a2,-79,umd-secure,-76.93702729,38.98970016,5,[WPA2-EAP-CCMP][ESS],,12412
1551288571000,a0:93:51:79:22:ac,-90,umd-util2,-76.93702729,38.98970016,5,[WPA2-PSK-CCMP][WPA-PSK-CCMP][ESS],,-5320
1551288571000,a0:93:51:79:22:ad,-89,umd-secure,-76.93702729,38.98970016,5,[WPA2-EAP-CCMP][ESS],,-5320
1551288571000,a0:93:51:79:22:ae,-91,eduroam,-76.93702729,38.98970016,5,[WPA2-EAP-CCMP][ESS],,-5320
1551287667000,a4:5d:36:3e:5f:53,-73,HP-Print-53-Officejet Pro 8600,-76.94140944,38.98487916,5,[WPA2-PSK-CCMP][ESS],,62437
1551284007000,b0:6e:bf:de:b2:ac,-81,NRG1506_5G,-76.94017023,38.99013024,5,[WPA2-PSK-CCMP][ESS][WPS],,-5180
1551287370000,b4:b6:86:40:ec:f7,-90,DIRECT-F6-HP OfficeJet Pro 6960,-76.94267651,38.98513356,5,[WPA2-PSK-CCMP][ESS][WPS],,62437
1551284007000,bc:16:f5:1b:35:c0,-88,umd,-76.94017023,38.99013024,5,[ESS],,112462
1551284007000,bc:16:f5:1b:35:c2,-85,umd-secure,-76.94017023,38.99013024,5,[WPA2-EAP-CCMP][ESS],,112462
1551286048000,bc:16:f5:1b:42:60,-65,umd,-76.94435438,38.9874909,5,[ESS],,112462
1551286048000,bc:16:f5:1b:42:61,-63,eduroam,-76.94435438,38.9874909,5,[WPA2-EAP-CCMP][ESS],,112462
1551286048000,bc:16:f5:1b:42:62,-62,umd-secure,-76.94435438,38.9874909,5,[WPA2-EAP-CCMP][ESS],,112462
1551286048000,bc:16:f5:1b:42:63,-64,umd-util2,-76.94435438,38.9874909,5,[WPA2-PSK-CCMP][WPA-PSK-CCMP][ESS],,112462
1551286048000,bc:16:f5:1b:42:64,-64,umd-guest,-76.94435438,38.9874909,5,[ESS],,112462
1551286048000,bc:16:f5:1b:42:6b,-54,umd-guest,-76.94435438,38.9874909,5,[ESS],,-5825
1551286048000,bc:16:f5:1b:42:6d,-55,umd-secure,-76.94435438,38.9874909,5,[WPA2-EAP-CCMP][ESS],,-5825
1551286048000,bc:16:f5:1b:42:6e,-56,eduroam,-76.94435438,38.9874909,5,[WPA2-EAP-CCMP][ESS],,-5825
1551286048000,bc:16:f5:1b:42:6f,-55,umd,-76.94435438,38.9874909,5,[ESS],,-5825
1551287249000,bc:f1:f2:23:0c:c0,-61,umd,-76.94445485,38.98517243,4,[ESS],,112462
1551287249000,bc:f1:f2:23:0c:c1,-61,eduroam,-76.94445485,38.98517243,4,[WPA2-EAP-CCMP][ESS],,112462
1551287249000,bc:f1:f2:23:0c:c2,-61,umd-secure,-76.94445485,38.98517243,4,[WPA2-EAP-CCMP][ESS],,112462
1551287249000,bc:f1:f2:23:0c:c3,-62,umd-util2,-76.94445485,38.98517243,4,[WPA2-PSK-CCMP][WPA-PSK-CCMP][ESS],,112462
1551287249000,bc:f1:f2:23:0c:c4,-61,umd-guest,-76.94445485,38.98517243,4,[ESS],,112462
1551287249000,bc:f1:f2:23:0c:cc,-73,umd-util2,-76.94445485,38.98517243,4,[WPA2-PSK-CCMP][WPA-PSK-CCMP][ESS],,-5805
1551287249000,bc:f1:f2:23:0c:cd,-72,umd-secure,-76.94445485,38.98517243,4,[WPA2-EAP-CCMP][ESS],,-5805
1551287249000,bc:f1:f2:23:0c:ce,-72,eduroam,-76.94445485,38.98517243,4,[WPA2-EAP-CCMP][ESS],,-5805
1551287370000,bc:f1:f2:23:91:4b,-72,umd-guest,-76.94267651,38.98513356,5,[ESS],,-5805
1551287370000,bc:f1:f2:23:91:4d,-73,umd-secure,-76.94267651,38.98513356,5,[WPA2-EAP-CCMP][ESS],,-5805
1551287667000,bc:f1:f2:23:91:4e,-80,eduroam,-76.94140944,38.98487916,5,[WPA2-EAP-CCMP][ESS],,-5805
1551287370000,bc:f1:f2:23:91:4f,-73,umd,-76.94267651,38.98513356,5,[ESS],,-5805
1551288451000,bc:f1:f2:23:91:cb,-87,umd-guest,-76.93807458,38.98836982,6,[ESS],,-5300
1551288451000,bc:f1:f2:23:91:cc,-86,umd-util2,-76.93807458,38.98836982,6,[WPA2-PSK-CCMP][WPA-PSK-CCMP][ESS],,-5300
1551288451000,bc:f1:f2:23:91:cd,-87,umd-secure,-76.93807458,38.98836982,6,[WPA2-EAP-CCMP][ESS],,-5300
1551288451000,bc:f1:f2:23:91:ce,-88,eduroam,-76.93807458,38.98836982,6,[WPA2-EAP-CCMP][ESS],,-5300
1551288451000,bc:f1:f2:23:91:cf,-85,umd,-76.93807458,38.98836982,6,[ESS],,-5300
1551287014000,bc:f1:f2:23:97:61,-79,eduroam,-76.94461759,38.98642967,5,[WPA2-EAP-CCMP][ESS],,62437
1551287014000,bc:f1:f2:23:97:62,-77,umd-secure,-76.94461759,38.98642967,5,[WPA2-EAP-CCMP][ESS],,62437
1551287014000,bc:f1:f2:23:97:6b,-81,umd-guest,-76.94461759,38.98642967,5,[ESS],,-5765
1551287014000,bc:f1:f2:23:97:6f,-79,umd,-76.94461759,38.98642967,5,[ESS],,-5765
1551284248000,bc:f1:f2:23:9a:6d,-80,umd-secure,-76.94338641,38.98844955,9,[WPA2-EAP-CCMP][ESS],,-5805
1551284248000,bc:f1:f2:23:9a:6e,-79,eduroam,-76.94338641,38.98844955,9,[WPA2-EAP-CCMP][ESS],,-5805
1551288571000,bc:f1:f2:23:9c:83,-75,umd-util2,-76.93702729,38.98970016,5,[WPA2-PSK-CCMP][WPA-PSK-CCMP][ESS],,12412
1551283954000,bc:f1:f2:23:9c:8b,-78,umd-guest,-76.93922521,38.99019838,4,[ESS],,-5280
1551283954000,bc:f1:f2:23:9c:8c,-82,umd-util2,-76.93922521,38.99019838,4,[WPA2-PSK-CCMP][WPA-PSK-CCMP][ESS],,-5280
1551283954000,bc:f1:f2:23:9c:8d,-76,umd-secure,-76.93922521,38.99019838,4,[WPA2-EAP-CCMP][ESS],,-5280
1551283954000,bc:f1:f2:23:9c:8e,-80,eduroam,-76.93922521,38.99019838,4,[WPA2-EAP-CCMP][ESS],,-5280
1551283954000,bc:f1:f2:23:9c:8f,-80,umd,-76.93922521,38.99019838,4,[ESS],,-5280
1551283954000,c0:25:e9:03:7f:1a,-87,TP-LINK_7F1A,-76.93922521,38.99019838,4,[WPA2-PSK-CCMP+TKIP][WPA-PSK-CCMP+TKIP][ESS][WPS],,42427
1551288571000,c2:76:1b:b2:bb:2f,-84,Xerox,-76.93702729,38.98970016,5,,,102457
1551287667000,c8:d3:ff:89:32:3e,-72,DIRECT-3D-HP OfficeJet Pro 8710,-76.94140944,38.98487916,5,[WPA2-PSK-CCMP][ESS][WPS],,112462
1551287249000,cc:16:7e:91:fd:d3,-89,umd-util2,-76.94445485,38.98517243,4,[WPA2-PSK-CCMP][WPA-PSK-CCMP][ESS],,112462
1551286409000,cc:16:7e:92:02:60,-77,umd,-76.94258594,38.98589893,4,[ESS],,12412
1551286169000,cc:16:7e:92:2d:bb,-84,umd-guest,-76.9433396,38.98674762,3,[ESS],,-5300
1551286169000,cc:16:7e:92:2d:bc,-84,umd-util2,-76.9433396,38.98674762,3,[WPA2-PSK-CCMP][WPA-PSK-CCMP][ESS],,-5300
1551286169000,cc:16:7e:92:2d:bd,-84,umd-secure,-76.9433396,38.98674762,3,[WPA2-EAP-CCMP][ESS],,-5300
1551286169000,cc:16:7e:92:2d:be,-84,eduroam,-76.9433396,38.98674762,3,[WPA2-EAP-CCMP][ESS],,-5300
1551286169000,cc:16:7e:92:2d:bf,-85,umd,-76.9433396,38.98674762,3,[ESS],,-5300
1551287370000,cc:16:7e:ac:7f:c0,-88,umd,-76.94267651,38.98513356,5,[ESS],,112462
1551287370000,cc:16:7e:ac:7f:c1,-89,eduroam,-76.94267651,38.98513356,5,[WPA2-EAP-CCMP][ESS],,112462
1551287370000,cc:16:7e:ac:7f:c2,-90,umd-secure,-76.94267651,38.98513356,5,[WPA2-EAP-CCMP][ESS],,112462
1551287370000,cc:16:7e:ac:7f:c3,-89,umd-util2,-76.94267651,38.98513356,5,[WPA2-PSK-CCMP][WPA-PSK-CCMP][ESS],,112462
1551287014000,cc:fd:17:fd:13:08,-71,Alcatel LINKZONE 9080,-76.94461759,38.98642967,5,[WPA2-PSK-TKIP+CCMP][ESS],,32422
1551287970000,d4:ca:6d:09:e0:75,-85,Al's_Lab,-76.94128142,38.98655448,5,[ESS],,12412
1551287850000,d4:e6:b7:f9:42:99,-87,Samsung Galaxy J7 Star 8410,-76.94054314,38.98513643,10,[WPA2-PSK-CCMP][ESS],,12412
1551288299000,d6:6a:6a:8e:00:52,-81,DIRECT-52-HP M227f LaserJet,-76.94005444,38.98695561,4,[WPA2-PSK-CCMP][ESS][WPS],,62437
1551287667000,d6:6a:6a:da:83:38,-62,DIRECT-38-HP M254 LaserJet,-76.94140944,38.98487916,5,[WPA2-PSK-CCMP][ESS][WPS],,62437
1551288299000,d8:38:fc:1f:27:98,-84,The Hotel UMD Guest,-76.94005444,38.98695561,4,[ESS],,92452
1551288160000,d8:38:fc:33:d9:68,-86,The Hotel UMD Guest,-76.94148391,38.98768664,8,[ESS],,42427
1551288451000,d8:38:fc:33:dd:b8,-82,The Hotel UMD Guest,-76.93807458,38.98836982,6,[ESS],,12412
1551288451000,d8:38:fc:33:de:08,-83,The Hotel UMD Guest,-76.93807458,38.98836982,6,[ESS],,42427
1551288451000,d8:38:fc:33:e0:e8,-87,The Hotel UMD Guest,-76.93807458,38.98836982,6,[ESS],,42427
1551288451000,d8:38:fc:5f:27:98,-84,,-76.93807458,38.98836982,6,[WPA2-PSK-CCMP][ESS],,92452
1551288451000,d8:38:fc:73:e0:e8,-90,,-76.93807458,38.98836982,6,[WPA2-PSK-CCMP][ESS],,42427
1551287014000,dc:a5:f4:b9:b3:a0,-39,umd,-76.94461759,38.98642967,5,[ESS],,112462
1551287014000,dc:a5:f4:b9:b3:a1,-39,eduroam,-76.94461759,38.98642967,5,[WPA2-EAP-CCMP][ESS],,112462
1551287014000,dc:a5:f4:b9:b3:a2,-32,umd-secure,-76.94461759,38.98642967,5,[WPA2-EAP-CCMP][ESS],,112462
1551287014000,dc:a5:f4:b9:b3:a3,-38,umd-util2,-76.94461759,38.98642967,5,[WPA2-PSK-CCMP][WPA-PSK-CCMP][ESS],,112462
1551287014000,dc:a5:f4:b9:b3:a4,-41,umd-guest,-76.94461759,38.98642967,5,[ESS],,112462
1551286169000,dc:a5:f4:b9:b3:ab,-84,umd-guest,-76.9433396,38.98674762,3,[ESS],,-5765
1551286646000,dc:a5:f4:b9:b3:ac,-64,umd-util2,-76.94353668,38.98559795,6,[WPA2-PSK-CCMP][WPA-PSK-CCMP][ESS],,-5765
1551287014000,dc:a5:f4:b9:b3:ad,-46,umd-secure,-76.94461759,38.98642967,5,[WPA2-EAP-CCMP][ESS],,-5765
1551286169000,dc:a5:f4:b9:b3:ae,-80,eduroam,-76.9433396,38.98674762,3,[WPA2-EAP-CCMP][ESS],,-5765
1551287014000,dc:a5:f4:b9:b3:af,-46,umd,-76.94461759,38.98642967,5,[ESS],,-5765
1551288571000,dc:a5:f4:b9:bc:c0,-63,umd,-76.93702729,38.98970016,5,[ESS],,62437
1551288571000,dc:a5:f4:b9:bc:c1,-63,eduroam,-76.93702729,38.98970016,5,[WPA2-EAP-CCMP][ESS],,62437
1551288571000,dc:a5:f4:b9:bc:c2,-63,umd-secure,-76.93702729,38.98970016,5,[WPA2-EAP-CCMP][ESS],,62437
1551288571000,dc:a5:f4:b9:bc:c3,-63,umd-util2,-76.93702729,38.98970016,5,[WPA2-PSK-CCMP][WPA-PSK-CCMP][ESS],,62437
1551288571000,dc:a5:f4:b9:bc:c4,-63,umd-guest,-76.93702729,38.98970016,5,[ESS],,62437
1551283954000,dc:a5:f4:b9:bc:cb,-60,umd-guest,-76.93922521,38.99019838,4,[ESS],,-5745
1551283954000,dc:a5:f4:b9:bc:cc,-60,umd-util2,-76.93922521,38.99019838,4,[WPA2-PSK-CCMP][WPA-PSK-CCMP][ESS],,-5745
1551283954000,dc:a5:f4:b9:bc:cd,-57,umd-secure,-76.93922521,38.99019838,4,[WPA2-EAP-CCMP][ESS],,-5745
1551283954000,dc:a5:f4:b9:bc:ce,-60,eduroam,-76.93922521,38.99019838,4,[WPA2-EAP-CCMP][ESS],,-5745
1551283954000,dc:a5:f4:b9:bc:cf,-60,umd,-76.93922521,38.99019838,4,[ESS],,-5745
1551287850000,e0:91:f5:09:b0:00,-87,,-76.94054314,38.98513643,10,[WPA2-PSK-CCMP+TKIP][WPA-PSK-CCMP+TKIP][ESS][WPS],,22417
1551288571000,ec:08:6b:fb:79:ea,-64,TP-LINK_AP_79EA,-76.93702729,38.98970016,5,[WPA2-PSK-CCMP+TKIP][WPA-PSK-CCMP+TKIP][ESS][WPS],,92452
1551288090000,ee:1e:68:f2:8f:29,-81,SETUP,-76.9424176,38.98728558,5,,,112462
1551284331000,fa:d0:27:35:7e:39,-62,DIRECT-2735FE39,-76.94405665,38.98833205,112,[WPA2-PSK-CCMP][ESS][WPS],,12412
